Id,Label
chinese,chinese
friends,friends
ask,ask
cat,cat
tax,tax
ä¸­å›½,ä¸­å›½
æœ‹å‹,æœ‹å‹
å¾æ”¶,å¾æ”¶
çŒ«ç¨,çŒ«ç¨
understand,understand
cats,cats
cute,cute
america,america
enjoy,enjoy
looking,looking
curious,curious
however,however
cultural,cultural
thing,thing
simply,simply
joke,joke
arisen,arisen
influx,influx
americans,americans
xiaohongshu,xiaohongshu
slang,slang
call,call
cars,cars
letter,letter
r,r
right,right
next,next
keyboards,keyboards
common,common
spelling,spelling
error,error
many,many
started,started
purpose,purpose
since,since
noise,noise
makes,makes
similar,similar
car,car
engine,engine
mandarin,mandarin
thanks,thanks
çŒ«,çŒ«
å¯çˆ±,å¯çˆ±
ç¾å›½,ç¾å›½
å–œæ¬¢,å–œæ¬¢
çœ‹çŒ«,çœ‹çŒ«
å¥½å¥‡,å¥½å¥‡
æ–‡åŒ–,æ–‡åŒ–
æ¶Œå…¥,æ¶Œå…¥
å°çº¢ä¹¦,å°çº¢ä¹¦
ç¬‘è¯,ç¬‘è¯
ä¿šè¯­,ä¿šè¯­
ç§°çŒ«,ç§°çŒ«
æ±½è½¦,æ±½è½¦
å­—æ¯,å­—æ¯
é”®ç›˜,é”®ç›˜
æ—è¾¹,æ—è¾¹
è¿™æ˜¯,è¿™æ˜¯
å¸¸è§,å¸¸è§
æ‹¼å†™é”™è¯¯,æ‹¼å†™é”™è¯¯
åš,åš
å‘å‡º,å‘å‡º
å™ªéŸ³,å™ªéŸ³
ç±»ä¼¼,ç±»ä¼¼
å‘åŠ¨æœº,å‘åŠ¨æœº
æ™®é€šè¯,æ™®é€šè¯
é‡Œ,é‡Œ
è°¢è°¢,è°¢è°¢
ç½å¤´,ç½å¤´
æ¨è,æ¨è
å…»çŒ«,å…»çŒ«
æ”»ç•¥,æ”»ç•¥
æ–°æ‰‹,æ–°æ‰‹
hi,hi
paying,paying
please,please
ç¨,ç¨
è¯·,è¯·
äº«å—,äº«å—
çˆ±,çˆ±
ğŸ‡ºğŸ‡¸,ğŸ‡ºğŸ‡¸
tiktokrefugee,tiktokrefugee
cattax,cattax
foreinger,foreinger
rednote,rednote
heard,heard
liked,liked
pay,pay
rent,rent
using,using
auto,auto
translator,translator
excuse,excuse
incorrect,incorrect
å¬è¯´,å¬è¯´
æˆ‘æ¥,æˆ‘æ¥
ä»˜,ä»˜
æˆ¿ç§Ÿ,æˆ¿ç§Ÿ
è‡ªåŠ¨,è‡ªåŠ¨
ç¿»è¯‘,ç¿»è¯‘
æœ‰è¯¯,æœ‰è¯¯
è¯·åŸè°…,è¯·åŸè°…
ä¸€å,ä¸€å
æ–°ä¼šå‘˜,æ–°ä¼šå‘˜
ç¼´çº³,ç¼´çº³
æ¥çº³,æ¥çº³
ä¼šå‘˜,ä¼šå‘˜
ä¹æ„,ä¹æ„
æ”¯ä»˜,æ”¯ä»˜
çŒ«å’ª,çŒ«å’ª
lili,lili
é—®å¥½,é—®å¥½
ç»™æˆ‘å‘,ç»™æˆ‘å‘
ä¸€å¼ ,ä¸€å¼ 
ç‹—,ç‹—
ç…§ç‰‡,ç…§ç‰‡
new,new
member,member
us,us
order,order
considered,considered
acceptance,acceptance
happy,happy
say,say
hello,hello
send,send
picture,picture
dog,dog
æ‚¨å¥½,æ‚¨å¥½
texas,texas
é€€,é€€
fyp,fyp
fy,fy
fypã‚·,fypã‚·
time,time
collect,collect
taxes,taxes
today,today
lazy,lazy
afternoon,afternoon
nap,nap
healing,healing
every,every
day,day
brings,brings
different,different
taxâ€”what,taxâ€”what
offer,offer
share,share
çŒ«çŒ«,çŒ«çŒ«
æ”¶ç¨,æ”¶ç¨
æ‡’æ´‹æ´‹,æ‡’æ´‹æ´‹
åˆç¡,åˆç¡
æ ·å­,æ ·å­
å®åœ¨,å®åœ¨
å¤ª,å¤ª
æ²»æ„ˆ,æ²»æ„ˆ
äº¤äº†,äº¤äº†
åˆ†äº«,åˆ†äº«
å¤–å›½äºº,å¤–å›½äºº
tiktok,tiktok
little,little
thank,thank
welcoming,welcoming
name,name
mumba,mumba
grumpy,grumpy
old,old
man,man
shoto,shoto
peachğŸ©·,peachğŸ©·
buffy,buffy
xena,xena
shinsuke,shinsuke
vampire,vampire
mob,mob
boss,boss
lord,lord
intergalactic,intergalactic
shrimping,shrimping
conglomerate,conglomerate
shrimpire,shrimpire
featuring,featuring
babies,babies
ğŸ±,ğŸ±
forgive,forgive
translations,translations
good,good
let,let
know,know
wrong,wrong
used,used
translate,translate
names,names
è‰ºæœ¯,è‰ºæœ¯
è‰ºæœ¯å“,è‰ºæœ¯å“
æ•°å­—,æ•°å­—
procreate,procreate
art,art
digitalart,digitalart
red,red
note,note
daxon,daxon
animal,animal
whisperer,whisperer
australia,australia
rat,rat
quokka,quokka
excited,excited
amazing,amazing
animals,animals
ä½ å¥½,ä½ å¥½
çº¢è‰²,çº¢è‰²
ç¬”è®°,ç¬”è®°
daxonï¼Œ,daxonï¼Œ
æ¾³å¤§åˆ©äºš,æ¾³å¤§åˆ©äºš
åŠ¨ç‰©,åŠ¨ç‰©
æ²Ÿé€š,æ²Ÿé€š
å¸ˆ,å¸ˆ
è€é¼ ,è€é¼ 
ä¸€åª,ä¸€åª
çŸ­å°¾,çŸ­å°¾
çŸ®,çŸ®
è¢‹é¼ ,è¢‹é¼ 
æœŸå¾…,æœŸå¾…
ç¥å¥‡,ç¥å¥‡
æ•…äº‹,æ•…äº‹
people,people
show,show
photos,photos
pet,pet
å±•ç¤º,å±•ç¤º
å® ç‰©,å® ç‰©
ï¼ï¼‰,ï¼ï¼‰
æ–°,æ–°
æˆå‘˜,æˆå‘˜
ç¼´çŒ«,ç¼´çŒ«
æ€è€ƒ,æ€è€ƒ
æ­£å¼,æ­£å¼
è¿Ÿåˆ°,è¿Ÿåˆ°
bella,bella
luna,luna
ğŸ˜»ğŸ«¶ğŸ»,ğŸ˜»ğŸ«¶ğŸ»
åˆæ¥ä¹åˆ°,åˆæ¥ä¹åˆ°
æŒ‡æ•™,æŒ‡æ•™
äº¤æœ‹å‹,äº¤æœ‹å‹
åå­—,åå­—
è‹—æ³½ä¸œ,è‹—æ³½ä¸œ
ğŸ§‰,ğŸ§‰
argentina,argentina
kitten,kitten
zelda,zelda
enjoying,enjoying
window,window
çŒ®ä¸Š,çŒ®ä¸Š
å°çŒ«,å°çŒ«
å¡å°”è¾¾,å¡å°”è¾¾
çª—æˆ·,çª—æˆ·
ä¹è¶£,ä¹è¶£
everyone,everyone
american,american
refugee,refugee
anyonr,anyonr
wants,wants
mutals,mutals
totally,totally
æŠ–éŸ³,æŠ–éŸ³
éš¾æ°‘,éš¾æ°‘
æœ‰äºº,æœ‰äºº
æƒ³,æƒ³
mutalsï¼Œ,mutalsï¼Œ
showmeyourpets,showmeyourpets
nobody,nobody
year,year
everyoneğŸ¥°,everyoneğŸ¥°
åŠå¹´å‰,åŠå¹´å‰
æ‰“ç²‰,æ‰“ç²‰
è€å¸ˆ,è€å¸ˆ
äº¤æ¢,äº¤æ¢
ç‰©æ–™,ç‰©æ–™
è¿™è¾ˆå­,è¿™è¾ˆå­
å¹´,å¹´
å‘³,å‘³
ğŸ§¨,ğŸ§¨
æœ‰æ—¶å€™,æœ‰æ—¶å€™
å¤§æ‰«é™¤,å¤§æ‰«é™¤
é‡,é‡
é€Ÿåº¦,é€Ÿåº¦
æé«˜,æé«˜
å®¶,å®¶
ä¸€äºº,ä¸€äºº
ä¸€å±‹,ä¸€å±‹
ä¸€çŒ«,ä¸€çŒ«
å…¨ä¸–ç•Œ,å…¨ä¸–ç•Œ
å›´ç€,å›´ç€
æ‰“è½¬,æ‰“è½¬
é’å³°,é’å³°
æ–°å¹´å¿«ä¹,æ–°å¹´å¿«ä¹
å¼,å¼
å¼€å·¥,å¼€å·¥
showmeyourcats,showmeyourcats
decibelï¼Œ,decibelï¼Œ
æ‹‡æŒ‡,æ‹‡æŒ‡
æ¯”è…¦,æ¯”è…¦
ç´°èƒ,ç´°èƒ
é‚„å¤š,é‚„å¤š
é‚„æ˜¯,é‚„æ˜¯
æ„›ä»–,æ„›ä»–
decibel,decibel
thumbs,thumbs
braincells,braincells
love,love
accept,accept
overdue,overdue
added,added
extra,extra
late,late
fee,fee
ğŸ˜­ğŸ«¶ğŸ»,ğŸ˜­ğŸ«¶ğŸ»
æ¥å—,æ¥å—
é€¾æœŸ,é€¾æœŸ
é¢å¤–,é¢å¤–
åŠ ,åŠ 
æ»çº³é‡‘,æ»çº³é‡‘
ã€‚ğŸ˜­ğŸ«¶ğŸ»,ã€‚ğŸ˜­ğŸ«¶ğŸ»
æµæµª,æµæµª
å‡ºå›½,å‡ºå›½
å°çŒ«å’ª,å°çŒ«å’ª
even,even
european,european
feel,feel
obliged,obliged
random,random
quick,quick
sketch,sketch
snow,snow
cutest,cutest
-october,-october
cuddles,cuddles
included,included
october,october
â¤ï¸ğŸ¾,â¤ï¸ğŸ¾
rentislatebutthepurrsareontime,rentislatebutthepurrsareontime
catax,catax
æ™’,æ™’
california,california
é±¼æ²¹,é±¼æ²¹
rioï¼,rioï¼
æŠ±æ­‰,æŠ±æ­‰
è¯­æ³•é”™è¯¯,è¯­æ³•é”™è¯¯
è¯¯è§£,è¯¯è§£
æ·»åŠ ,æ·»åŠ 
ä¸­æ–‡å­—å¹•,ä¸­æ–‡å­—å¹•
æ¬£èµ,æ¬£èµ
ç²¾å½©,ç²¾å½©
å¸–å­,å¸–å­
rio,rio
sorry,sorry
bad,bad
grammar,grammar
misunderstanding,misunderstanding
apps,apps
add,add
captions,captions
see,see
posts,posts
è²“,è²“
å°è²“,å°è²“
hayden,hayden
æ—ç«,æ—ç«
å‡¤,å‡¤
é€‰æ‹©,é€‰æ‹©
è¿™éƒ¨,è¿™éƒ¨
åˆä¸­,åˆä¸­
æ”¹å˜,æ”¹å˜
ï¼‰ã€‚,ï¼‰ã€‚
å¤§å­¦ç”Ÿ,å¤§å­¦ç”Ÿ
å­¦ä¹ ,å­¦ä¹ 
ä¸­æ–‡,ä¸­æ–‡
2016,2016
æµåˆ©,æµåˆ©
æ„Ÿæ¿€,æ„Ÿæ¿€
â™¬,â™¬
app,app
loaded,loaded
yummy,yummy
foods,foods
want,want
learn,learn
yeah,yeah
å……æ»¡,å……æ»¡
ç¾å‘³,ç¾å‘³
é£Ÿç‰©,é£Ÿç‰©
åº”ç”¨ç¨‹åº,åº”ç”¨ç¨‹åº
æƒ³å­¦,æƒ³å­¦
é—®,é—®
ï¼ï¼ï¼,ï¼ï¼ï¼
ç‰ˆæœ¬,ç‰ˆæœ¬
æŠ¼éŸµ,æŠ¼éŸµ
tiktok_refugee,tiktok_refugee
backpack,backpack
cat_tax,cat_tax
morning,morning
brought,brought
attention,attention
didnt,didnt
sre,sre
pictures,pictures
sheba,sheba
shes,shes
family,family
past,past
12,12
years,years
dogs,dogs
like,like
cuteness,cuteness
aggression,aggression
make,make
pretty,pretty
aggressive,aggressive
â¤ï¸ğŸ˜‚ğŸ«°,â¤ï¸ğŸ˜‚ğŸ«°
pig,pig
çŒªç¨,çŒªç¨
pigtax,pigtax
é€€ç¨,é€€ç¨
mycatğŸˆ,mycatğŸˆ
photo,photo
ç¿Š,ç¿Š
chanel,chanel
nelly,nelly
doge,doge
australianshepherd,australianshepherd
goldendoodle,goldendoodle
dachshund,dachshund
shibainu,shibainu
chihuahua,chihuahua
goldenretriever,goldenretriever
æ”¹ç”¨,æ”¹ç”¨
éª†é©¼,éª†é©¼
camels,camels
instead,instead
camel,camel
user,user
thought,thought
'd,'d
kitty,kitty
pixi,pixi
miu,miu
æ§,æ§
gus,gus
big,big
orange,orange
dale,dale
babysit,babysit
shylo,shylo
brother,brother
shadow,shadow
find,find
funny,funny
ğŸ¥°,ğŸ¥°
blackcat,blackcat
well,well
speak,speak
must,must
caught,caught
drinking,drinking
milk,milk
straight,straight
carton,carton
decided,decided
è¯´,è¯´
äº¤çŒ«,äº¤çŒ«
åˆšåˆš,åˆšåˆš
æŠ“åˆ°,æŠ“åˆ°
ç‰›å¥¶,ç‰›å¥¶
ç›’é‡Œ,ç›’é‡Œ
å–ç‰›å¥¶,å–ç‰›å¥¶
castiel,castiel
cas,cas
supernatural,supernatural
spn,spn
mishacollins,mishacollins
é‚ªæ¶,é‚ªæ¶
åŠ›é‡,åŠ›é‡
tiktokban,tiktokban
physician,physician
united,united
states,states
anything,anything
åŒ»ç”Ÿ,åŒ»ç”Ÿ
éšä¾¿,éšä¾¿
images,images
related,related
work,work
paid,paid
å›¾ç‰‡,å›¾ç‰‡
ç›¸å…³,ç›¸å…³
å·¥ä½œ,å·¥ä½œ
åœºæ™¯,åœºæ™¯
medicine,medicine
healthcare,healthcare
warm,warm
welcome,welcome
still,still
learning,learning
use,use
canadian,canadian
crafting,crafting
sewing,sewing
fashion,fashion
anime,anime
makeup,makeup
æ„Ÿè°¢æ‚¨,æ„Ÿè°¢æ‚¨
çƒ­çƒˆæ¬¢è¿,çƒ­çƒˆæ¬¢è¿
åŠ æ‹¿å¤§äºº,åŠ æ‹¿å¤§äºº
æ‰‹å·¥,æ‰‹å·¥
ç¼çº«,ç¼çº«
æ—¶å°š,æ—¶å°š
åŠ¨æ¼«,åŠ¨æ¼«
åŒ–å¦†,åŒ–å¦†
le,le
åœ°çƒæ‘,åœ°çƒæ‘
å£,å£
èŠèŠå¤©,èŠèŠå¤©
ä¸–ç•Œå„åœ°,ä¸–ç•Œå„åœ°
æ‹œå¹´,æ‹œå¹´
æŒ‘æˆ˜,æŒ‘æˆ˜
äº²çˆ±,äº²çˆ±
è¯·æ”¶,è¯·æ”¶
dear,dear
friend,friend
çŒ«å¥´,çŒ«å¥´
hope,hope
him~,him~
å¸Œæœ›,å¸Œæœ›
may,may
fox,fox
visits,visits
dad,dad
cooks,cooks
bbq,bbq
çˆ¸çˆ¸,çˆ¸çˆ¸
çƒ¤,çƒ¤
çƒ§çƒ¤,çƒ§çƒ¤
æ—¶æ¥,æ—¶æ¥
ç‹ç‹¸,ç‹ç‹¸
update,update
never,never
google,google
better,better
translation,translation
deepl,deepl
first,first
one,one
midnight,midnight
black,black
second,second
arlo,arlo
grey,grey
ç¬¬ä¸€ä¸ª,ç¬¬ä¸€ä¸ª
åŠå¤œ,åŠå¤œ
ç¬¬äºŒåª,ç¬¬äºŒåª
é˜¿æ´›,é˜¿æ´›
told,told
needed,needed
baby,baby
minneapolis,minneapolis
mn,mn
forward,forward
hopefully,hopefully
return,return
chowderï¼Œ,chowderï¼Œ
10,10
å²,å²
æ•£æ­¥,æ•£æ­¥
åƒ,åƒ
è‰,è‰
ä¸“å¿ƒ,ä¸“å¿ƒ
å—…,å—…
ä¸œè¥¿,ä¸œè¥¿
å¤å¤©,å¤å¤©
è¿½é€,è¿½é€
è™«å­,è™«å­
é›¶é£Ÿ,é›¶é£Ÿ
é²‘é±¼,é²‘é±¼
è›‹ç™½,è›‹ç™½
æ³¡,æ³¡
èŠ™,èŠ™
å¹²,å¹²
å°é±¼,å°é±¼
chowder,chowder
~10,~10
enjoys,enjoys
going,going
walks,walks
eat,eat
grass,grass
sniff,sniff
things,things
intently,intently
chase,chase
bugs,bugs
summer,summer
especially,especially
favorite,favorite
treats,treats
salmon,salmon
protein,protein
poofs,poofs
occasional,occasional
dried,dried
minnows~,minnows~
sissy,sissy
striped,striped
rambo,rambo
fluffy,fluffy
white,white
bearded,bearded
dragon,dragon
å¦ˆå¦ˆ,å¦ˆå¦ˆ
enzo,enzo
è¯´è¯,è¯´è¯
è¡¨ç¤ºæ„Ÿè°¢,è¡¨ç¤ºæ„Ÿè°¢
æ„Ÿè°¢,æ„Ÿè°¢
æ„‰å¿«,æ„‰å¿«
æ›´å¥½,æ›´å¥½
æ–¹æ³•,æ–¹æ³•
è¯æ˜,è¯æ˜
è¶³å¤Ÿ,è¶³å¤Ÿ
ä¾èµ–,ä¾èµ–
è°·æ­Œ,è°·æ­Œ
å‘ç°,å‘ç°
å¼¥åˆ,å¼¥åˆ
å·®è·,å·®è·
å¾®è–„,å¾®è–„
å°è¯•,å°è¯•
mama,mama
speaking,speaking
wanted,wanted
gratitude,gratitude
way,way
happily,happily
prove,prove
sufficient,sufficient
heavily,heavily
relying,relying
meager,meager
attempt,attempt
bridge,bridge
communication,communication
gap,gap
acceptable,acceptable
recently,recently
joined,joined
community,community
piss,piss
government,government
edward,edward
eddie,eddie
two,two
mittsy,mittsy
cookie,cookie
ä¸¤åª,ä¸¤åª
plan,plan
stay,stay
è®¡åˆ’,è®¡åˆ’
ç•™åœ¨,ç•™åœ¨
account,account
å¸æˆ·,å¸æˆ·
ğŸ¤,ğŸ¤
mÄo,mÄo
goofy,goofy
silly,silly
letting,letting
crash,crash
couch,couch
offerings,offerings
ğŸ¤²,ğŸ¤²
shorthair,shorthair
boy,boy
named,named
bob,bob
calico,calico
girl,girl
marley,marley
æ²™å‘,æ²™å‘
ä¼‘æ¯,ä¼‘æ¯
ç¤¼ç‰©,ç¤¼ç‰©
çŸ­,çŸ­
æ¯›çŒ«,æ¯›çŒ«
åå«,åå«
é²å‹ƒ,é²å‹ƒ
ç”·å­©,ç”·å­©
ä¸‰è‰²,ä¸‰è‰²
é©¬åˆ©,é©¬åˆ©
å¥³å­©,å¥³å­©
son,son
chopper,chopper
looks,looks
polite,polite
plots,plots
evil,evil
pets,pets
å„¿å­,å„¿å­
èœåˆ€,èœåˆ€
ç¤¼è²Œ,ç¤¼è²Œ
ç­–åˆ’,ç­–åˆ’
ktties,ktties
gypsy,gypsy
tortoiseshell,tortoiseshell
11,11
cleo,cleo
turkish,turkish
angora,angora
å‰æ™®èµ›äºº,å‰æ™®èµ›äºº
ç³ç‘,ç³ç‘
ï¼‰11,ï¼‰11
å…‹è±å¥¥,å…‹è±å¥¥
åœŸè€³å…¶,åœŸè€³å…¶
å®‰å“¥æ‹‰,å®‰å“¥æ‹‰
ï¼‰7,ï¼‰7
çœŸçš„,çœŸçš„
need,need
come,come
really,really
cattax_receipt,cattax_receipt
cattax2025,cattax2025
english,english
feed,feed
neighborhood,neighborhood
left,left
ginger,ginger
vanilla,vanilla
friendly,friendly
owned,owned
neighbors,neighbors
across,across
street,street
chatty,chatty
oreo,oreo
think,think
owner,owner
scared,scared
much,much
healthier,healthier
days,days
å–‚å…»,å–‚å…»
é‚»å±…å®¶,é‚»å±…å®¶
å‡ åª,å‡ åª
å·¦è¾¹,å·¦è¾¹
æ©™è‰²,æ©™è‰²
çŒ«å«,çŒ«å«
å§œæ°,å§œæ°
å³è¾¹,å³è¾¹
é¦™è‰,é¦™è‰
å‹å¥½,å‹å¥½
è¡—,è¡—
å¯¹é¢,å¯¹é¢
é‚»å±…,é‚»å±…
å…»,å…»
é»‘ç™½ç›¸é—´,é»‘ç™½ç›¸é—´
å¥¥åˆ©,å¥¥åˆ©
å¥¥,å¥¥
ä¸»äºº,ä¸»äºº
æ€•äºº,æ€•äºº
å¥åº·,å¥åº·
æ©˜çŒ«,æ©˜çŒ«
orangecat,orangecat
é»‘çŒ«,é»‘çŒ«
creator,creator
sweden,sweden
would,would
entry,entry
tarly,tarly
bombay,bombay
samwell,samwell
song,song
ice,ice
fire,fire
crowley,crowley
loveable,loveable
demon,demon
omens,omens
å…¥å£,å…¥å£
å¡”åˆ©,å¡”åˆ©
é»‘äºº,é»‘äºº
å­Ÿä¹°,å­Ÿä¹°
å–è‡ª,å–è‡ª
å†°,å†°
ç«ä¹‹æ­Œ,ç«ä¹‹æ­Œ
ä¸­,ä¸­
å±±å§†,å±±å§†
å¨å°”,å¨å°”
å…‹åŠ³,å…‹åŠ³
åˆ©,åˆ©
å…†å¤´,å…†å¤´
æ¶é­”,æ¶é­”
å‘½å,å‘½å
è±†åŒ…,è±†åŒ…
è±†,è±†
bug,bug
soya,soya
tex,tex
george,george
ï¼Œtex,ï¼Œtex
georgeï¼Œ,georgeï¼Œ
gato,gato
ğŸ’°,ğŸ’°
cattaxï¼her,cattaxï¼her
molly~nice,molly~nice
meet,meet
u,u
è–¯,è–¯
å¸çŒ«,å¸çŒ«
æ—¥å¸¸,æ—¥å¸¸
äº¤å‡º,äº¤å‡º
æ‹’ç»,æ‹’ç»
å¥½åƒ,å¥½åƒ
butthole,butthole
nepheli,nepheli
å°è¯´,å°è¯´
èµ«æœ¬,èµ«æœ¬
é€¸,é€¸
æ”¶,æ”¶
colorado,colorado
é¦–å‘,é¦–å‘
æ„Ÿå…´è¶£,æ„Ÿå…´è¶£
éŸ³ä¹,éŸ³ä¹
generous,generous
bring,bring
offeringâ€¦,offeringâ€¦
oberon,oberon
gizmo,gizmo
nyx,nyx
å§å¦¹,å§å¦¹
å€‘,å€‘
æˆ‘æƒ³ç¹³,æˆ‘æƒ³ç¹³
è²“ç¨…,è²“ç¨…
maria,maria
sisters,sisters
coming,coming
contribution,contribution
ğŸ–¤,ğŸ–¤
khoshekh,khoshekh
ember,ember
freya,freya
èŒå® ,èŒå® 
messed,messed
blame,blame
æ··ä¹±,æ··ä¹±
è´£æ€ª,è´£æ€ª
try,try
nice,nice
citizen,citizen
taxğŸ™,taxğŸ™
å’ªå’ª,å’ªå’ª
çŒª,çŒª
è¿™å¼ ,è¿™å¼ 
å®¶çŒ«,å®¶çŒ«
mom,mom
sent,sent
forget,forget
guys,guys
promise,promise
ğŸ˜…,ğŸ˜…
maleficent-,maleficent-
mal,mal
lem,lem
ä¸–ç•Œ,ä¸–ç•Œ
ç»•,ç»•
å°Šé‡,å°Šé‡
åŒ…å®¹,åŒ…å®¹
èƒŒæ™¯,èƒŒæ™¯
å»ºç«‹,å»ºç«‹
å’Œè°ç¤¾ä¼š,å’Œè°ç¤¾ä¼š
ç¬¬ä¸€æ­¥,ç¬¬ä¸€æ­¥
è‹±æ–‡,è‹±æ–‡
æ¯æ—¥,æ¯æ—¥
è‹±è¯­å£è¯­,è‹±è¯­å£è¯­
å¬,å¬
è‹±è¯­,è‹±è¯­
å£è¯­,å£è¯­
åœ°é“,åœ°é“
è¡¨è¾¾,è¡¨è¾¾
å¤–ä¼,å¤–ä¼
å·¥äºº,å·¥äºº
å››å…­çº§,å››å…­çº§
å†·,å†·
çŸ¥è¯†,çŸ¥è¯†
å•è¯,å•è¯
èƒŒå•è¯,èƒŒå•è¯
æ‰“å¡,æ‰“å¡
è‹±è¯­è€å¸ˆ,è‹±è¯­è€å¸ˆ
å¯è’™,å¯è’™
åŸºç¡€,åŸºç¡€
å­¦,å­¦
è‡ªå¾‹,è‡ªå¾‹
æˆé•¿,æˆé•¿
èˆ’èŠ™è•¾,èˆ’èŠ™è•¾
äº‘æœµ,äº‘æœµ
ç”œå“,ç”œå“
ç”œç‚¹,ç”œç‚¹
æ—¥å¸¸ç”Ÿæ´»,æ—¥å¸¸ç”Ÿæ´»
å¿«ä¹,å¿«ä¹
ç¬é—´,ç¬é—´
æ”¾å¤§,æ”¾å¤§
ç”Ÿæ´»,ç”Ÿæ´»
ä¸€ç§,ä¸€ç§
å°ç¾,å°ç¾
ç”œç”œçš„,ç”œç”œçš„
æ‹çˆ±,æ‹çˆ±
sunglasses,sunglasses
æŠ•ç¥¨,æŠ•ç¥¨
went,went
answer,answer
questions,questions
foreign,foreign
å‡ ä¸ª,å‡ ä¸ª
å‡ºå»ç©,å‡ºå»ç©
å›ç­”,å›ç­”
ç»“äº¤,ç»“äº¤
å¤–å›½,å¤–å›½
å‘¨æœ«,å‘¨æœ«
äº¤å‹,äº¤å‹
å¹³å¸¸,å¹³å¸¸
foreign_friend,foreign_friend
question,question
worst,worst
foreigner,foreigner
country,country
china,china
malaysia,malaysia
âœŒï¸,âœŒï¸
çŸ­çŸ­,çŸ­çŸ­
ä¸åˆ°,ä¸åˆ°
ä¸¤å¤©,ä¸¤å¤©
æ—¶é—´,æ—¶é—´
å…¨,å…¨
æ•°ç™¾äºº,æ•°ç™¾äºº
æ”¯æŒ,æ”¯æŒ
å¼ å¼€,å¼ å¼€
åŒè‡‚,åŒè‡‚
æ—¶,æ—¶
ä»æœªæœ‰è¿‡,ä»æœªæœ‰è¿‡
å–„æ„,å–„æ„
èµèµ,èµèµ
æ„Ÿåˆ°,æ„Ÿåˆ°
éå¸¸é«˜å…´,éå¸¸é«˜å…´
äº²åˆ‡,äº²åˆ‡
æƒ³åˆ°,æƒ³åˆ°
è¿½éšè€…,è¿½éšè€…
æˆ‘ä¼š,æˆ‘ä¼š
åŠªåŠ›,åŠªåŠ›
å›å¤,å›å¤
ä¸€æ¡,ä¸€æ¡
è¯„è®º,è¯„è®º
ä¹‹æƒ…,ä¹‹æƒ…
å˜€å—’,å˜€å—’
çƒ­çˆ±,çƒ­çˆ±
å†å²,å†å²
å»ºç«‹è”ç³»,å»ºç«‹è”ç³»
æ¥åˆ°,æ¥åˆ°
é•¿ä½,é•¿ä½
è°¢è°¢ä½ ä»¬,è°¢è°¢ä½ ä»¬
03,03
usa,usa
join,join
anyway,anyway
fun,fun
ğŸ©·ğŸ¥²,ğŸ©·ğŸ¥²
spent,spent
14,14
living,living
word,word
consistently,consistently
grated,grated
always,always
felt,felt
label,label
box,box
placed,placed
rather,rather
recognition,recognition
individual,individual
identity,identity
term,term
implies,implies
outsider,outsider
someone,someone
inherently,inherently
perhaps,perhaps
unwelcome,unwelcome
lacks,lacks
nuance,nuance
respect,respect
given,given
individuals,individuals
diverse,diverse
backgrounds,backgrounds
far,far
appropriate,appropriate
terms,terms
available,available
westerner,westerner
perfect,perfect
could,could
inclusive,inclusive
respectful,respectful
contexts,contexts
canada,canada
encountered,encountered
particularly,particularly
jarring,jarring
experience,experience
l,l
highlights,highlights
greater,greater
awareness,awareness
sensitivity,sensitivity
around,around
countries,countries
within,within
communities,communities
handsome,handsome
feels,feels
weird,weird
ğŸ« ğŸ˜‚,ğŸ« ğŸ˜‚
heyo,heyo
hoping,hoping
accepted,accepted
huge,huge
gamer,gamer
free,free
makefriend,makefriend
shanghai,shanghai
xian,xian
chinatravel,chinatravel
travelchina,travelchina
beijing,beijing
popular,popular
figure,figure
history,history
qin,qin
shi,shi
huang,huang
live,live
south,south
florida,florida
birds,birds
snows,snows
ok.,ok.
outfit,outfit
ootd,ootd
ç©¿,ç©¿
æ­,æ­
å‡è‚¥,å‡è‚¥
ç¾å¦†,ç¾å¦†
è‡ªç„¶,è‡ªç„¶
æµ,æµ
è´¦å·,è´¦å·
å®šåˆ¶,å®šåˆ¶
å—¨,å—¨
ï¼Œrednote,ï¼Œrednote
å°ä¼™ä¼´,å°ä¼™ä¼´
æˆ‘æƒ³æ•™,æˆ‘æƒ³æ•™
å¹´è½»äºº,å¹´è½»äºº
å¸¸ç”¨,å¸¸ç”¨
refugees,refugees
å®Œ,å®Œ
ç¯‡æ–‡ç« ,ç¯‡æ–‡ç« 
ç†è§£,ç†è§£
ä¸­è¯´,ä¸­è¯´
æ— éœ€,æ— éœ€
lmk,lmk
missed,missed
users,users
teach,teach
è¡Œè¯,è¡Œè¯
è¯­è¨€,è¯­è¨€
lunch,lunch
å­¦æ ¡,å­¦æ ¡
clothes,clothes
mad,mad
putting,putting
proof,proof
indeed,indeed
hid,hid
important,important
information,information
documents,documents
lowered,lowered
resolution,resolution
showing,showing
passport,passport
social,social
security,security
card,card
pandemic,pandemic
shot,shot
record,record
ç¡®å®,ç¡®å®
éšè—,éšè—
è¯ä»¶,è¯ä»¶
ä¿¡æ¯,ä¿¡æ¯
é™ä½,é™ä½
åˆ†è¾¨ç‡,åˆ†è¾¨ç‡
ä¸‰ä»½,ä¸‰ä»½
æŠ¤ç…§,æŠ¤ç…§
ç¤¾ä¼šä¿éšœ,ç¤¾ä¼šä¿éšœ
å¡,å¡
ç–«æƒ…,ç–«æƒ…
æœŸé—´,æœŸé—´
æ¥ç§,æ¥ç§
è®°å½•,è®°å½•
student,student
å­¦ç”Ÿ,å­¦ç”Ÿ
ï¼ï¼,ï¼ï¼
äº‹æƒ…,äº‹æƒ…
ï¼ï¼ğŸ˜œğŸ¤©,ï¼ï¼ğŸ˜œğŸ¤©
ï¼ï¼ˆ,ï¼ï¼ˆ
å¸®å¿™,å¸®å¿™
åŠŸè¯¾,åŠŸè¯¾
bothering,bothering
joining,joining
culture,culture
beautiful,beautiful
æ‰“æ‰°,æ‰“æ‰°
ç¾ä¸½,ç¾ä¸½
apologize,apologize
best,best
å°½æˆ‘æ‰€èƒ½,å°½æˆ‘æ‰€èƒ½
real,real
angelina,angelina
teachers,teachers
wanting,wanting
series,series
short,short
videos,videos
exposing,exposing
issues,issues
education,education
system,system
something,something
interested,interested
comments,comments
teaching,teaching
critique,critique
è¬è¬,è¬è¬
é‡Œç¨‹ç¢‘,é‡Œç¨‹ç¢‘
newuser,newuser
follow,follow
ciao,ciao
cina,cina
ğŸ‡®ğŸ‡¹italiani,ğŸ‡®ğŸ‡¹italiani
ce,ce
ne,ne
sono,sono
usaban,usaban
chicago,chicago
travel,travel
italianguy,italianguy
italian,italian
italia,italia
christian,christian
worried,worried
conditions,conditions
current,current
administration,administration
read,read
book,book
esther,esther
bible,bible
persecution,persecution
end,end
haman,haman
push,push
start,start
pineapple,pineapple
honey,honey
glazed,glazed
yummyğŸ˜,yummyğŸ˜
tikto,tikto
aesthetic,aesthetic
å®¡ç¾,å®¡ç¾
ç¾å­¦,ç¾å­¦
äººç”Ÿ,äººç”Ÿ
æ„ä¹‰,æ„ä¹‰
complicated,complicated
changed,changed
ago,ago
quarrel,quarrel
said,said
dare,dare
tolerate,tolerate
immediately,immediately
bought,bought
air,air
ticket,ticket
tracked,tracked
thousands,thousands
miles,miles
arizona,arizona
found,found
yet,yet
artist,artist
helloo,helloo
gain,gain
suck,suck
æ¬§ç¾,æ¬§ç¾
super,super
grateful,grateful
accepting,accepting
lots,lots
video,video
chinaâ¤ï¸,chinaâ¤ï¸
tk,tk
"300,000","300,000"
fans,fans
muchï¼so,muchï¼so
came,came
fan,fan
xhs,xhs
ğŸ¤“,ğŸ¤“
sharing,sharing
taken,taken
runner,runner
marathon,marathon
åŸåˆ›,åŸåˆ›
ç‹¬ç«‹,ç‹¬ç«‹
æ­Œæ‰‹,æ­Œæ‰‹
moot,moot
contrary,contrary
trends,trends
actually,actually
tiktokrefugees,tiktokrefugees
heal,heal
broken,broken
heart,heart
ä¸å¥½,ä¸å¥½
tikok,tikok
tikotk,tikotk
tt,tt
tiktokbanğŸ‡ºğŸ‡¸,tiktokbanğŸ‡ºğŸ‡¸
titktok,titktok
utah,utah
äº‹,äº‹
å±…ä½,å±…ä½
çŠ¹ä»–å·,çŠ¹ä»–å·
ã€‚ğŸ‡ºğŸ‡¸,ã€‚ğŸ‡ºğŸ‡¸
tips,tips
clarification,clarification
view,view
æƒ³æ³•,æƒ³æ³•
è½»æ¾,è½»æ¾
å‘,å‘
helpme,helpme
rednoteğŸ‡ºğŸ‡¸,rednoteğŸ‡ºğŸ‡¸
æ•™å­¦,æ•™å­¦
äº¤æµ,äº¤æµ
makingfriends,makingfriends
post,post
trying,trying
fit,fit
lot,lot
height,height
weight,weight
give,give
honestly,honestly
å†™,å†™
æ˜¯å› ä¸º,æ˜¯å› ä¸º
èå…¥,èå…¥
æåˆ°,æåˆ°
èº«é«˜,èº«é«˜
ä½“é‡,ä½“é‡
è¯•ä¸€è¯•,è¯•ä¸€è¯•
è€å®,è€å®
æ˜ç™½,æ˜ç™½
version,version
era,era
chance,chance
fresh,fresh
anonymous,anonymous
ironic,ironic
considering,considering
long,long
loved,loved
content,content
creation-not,creation-not
fame,fame
artistic,artistic
joy,joy
famous,famous
viral,viral
everything,everything
2021,2021
became,became
pregnancy,pregnancy
rough,rough
lost,lost
energy,energy
confidence,confidence
tried,tried
posting,posting
internet,internet
toxic-full,toxic-full
judgment,judgment
act,act
born,born
2023,2023
media,media
entirely,entirely
creating,creating
saw,saw
mention,mention
retreat,retreat
uses,uses
colleagues,colleagues
finally,finally
create,create
reading,reading
ttrefugee,ttrefugee
ttrefugeestory,ttrefugeestory
æ¯æ€§,æ¯æ€§
æ¯äº²,æ¯äº²
ä¹‹æ—…,ä¹‹æ—…
storyofmylife,storyofmylife
healingera,healingera
russian-american,russian-american
ä½ ä»¬å¥½,ä½ ä»¬å¥½
ä¿„ç¾,ä¿„ç¾
æ··è¡€,æ··è¡€
club,club
main,main
doppelganger,doppelganger
glad,glad
allï¼,allï¼
due,due
platform,platform
rules,rules
provide,provide
healthy,healthy
comfortable,comfortable
chatting,chatting
atmosphere,atmosphere
continuous,continuous
stable,stable
e,e
making,making
environment,environment
ğŸ˜Š,ğŸ˜Š
reason,reason
ğŸŒŸ,ğŸŒŸ
tok,tok
chat,chat
room,room
starts,starts
8:00-15:00,8:00-15:00
19:00-1:00,19:00-1:00
ğŸŒ…,ğŸŒ…
york,york
6:00-12:00,6:00-12:00
ğŸŒƒ,ğŸŒƒ
san,san
francisco,francisco
16:00-22:00,16:00-22:00
3:00-9:00,3:00-9:00
ğŸŒ™,ğŸŒ™
'll,'ll
alternating,alternating
ğŸŒŸğŸ‘‡,ğŸŒŸğŸ‘‡
å·,å·
è·Ÿç­,è·Ÿç­
å¹¸è¿,å¹¸è¿
æ‰€æœ‰äºº,æ‰€æœ‰äºº
è§é¢,è§é¢
å¹³å°,å¹³å°
è§„åˆ™,è§„åˆ™
æ€»å¤§å·,æ€»å¤§å·
åœæ’­,åœæ’­
æä¾›,æä¾›
èˆ’é€‚,èˆ’é€‚
èŠå¤©,èŠå¤©
æ°›å›´,æ°›å›´
æŒç»­,æŒç»­
ç¨³å®š,ç¨³å®š
ç¯å¢ƒ,ç¯å¢ƒ
å‡ºç”Ÿ,å‡ºç”Ÿ
åŸå› ,åŸå› 
èŠå¤©å®¤,èŠå¤©å®¤
å¼€æ’­,å¼€æ’­
åŒ—äº¬,åŒ—äº¬
ï¼š8:00,ï¼š8:00
15:00,15:00
19:00,19:00
æ¬¡æ—¥,æ¬¡æ—¥
1:00ğŸŒ„,1:00ğŸŒ„
ç¾å›½çº½çº¦,ç¾å›½çº½çº¦
ï¼š19:00-,ï¼š19:00-
å‡Œæ™¨,å‡Œæ™¨
1:00,1:00
6:00,6:00
12:00ï¼‰ğŸŒ†,12:00ï¼‰ğŸŒ†
æ—§é‡‘å±±,æ—§é‡‘å±±
ï¼š16:00,ï¼š16:00
22:00,22:00
3:00,3:00
9:00ï¼‰ğŸŒ™,9:00ï¼‰ğŸŒ™
ä¸¤ä¸ª,ä¸¤ä¸ª
è½®æµ,è½®æµ
å…³æ³¨,å…³æ³¨
connect,connect
great,great
foreigners,foreigners
feeling,feeling
bit,bit
help,help
plus,plus
improve,improve
skills,skills
hesitate,hesitate
grow,grow
together,together
ğŸ«¶ğŸ»,ğŸ«¶ğŸ»
refugeeï¼Œ,refugeeï¼Œ
è‹±å›½äºº,è‹±å›½äºº
æ•™,æ•™
ğŸ™,ğŸ™
heyy,heyy
lmao,lmao
fuck,fuck
ran,ran
heres,heres
three,three
18,18
pups,pups
grizzly,grizzly
anna,anna
absolutely,absolutely
boyfriend,boyfriend
wont,wont
privacy,privacy
draw,draw
6th,6th
piece,piece
made,made
awhile,awhile
back,back
minecraft,minecraft
theres,theres
build,build
weekend,weekend
another,another
play,play
cod,cod
game,game
ä»–å¦ˆçš„,ä»–å¦ˆçš„
tiktokï¼Œ,tiktokï¼Œ
è·‘,è·‘
å‰,å‰
ä¸‰å¼ ,ä¸‰å¼ 
ï¼Œ18,ï¼Œ18
å°ç‹—,å°ç‹—
annaã€‚,annaã€‚
æ£’,æ£’
ç”·æœ‹å‹,ç”·æœ‹å‹
éšç§,éšç§
ç”»ç”»,ç”»ç”»
å¼ ,å¼ 
ä¸ä¹…å‰,ä¸ä¹…å‰
ç”»,ç”»
ä¸€å¹…,ä¸€å¹…
minecraftï¼Œ,minecraftï¼Œ
ä½œå“,ä½œå“
ç©,ç©
codã€‚,codã€‚
ä¸é”™,ä¸é”™
æ¸¸æˆ,æ¸¸æˆ
shutting,shutting
opportunity,opportunity
respond,respond
willing,willing
possible,possible
å…³é—­,å…³é—­
äº‹å®ä¸Š,äº‹å®ä¸Š
æœºä¼š,æœºä¼š
æŠ€å·§,æŠ€å·§
è‡ªæ‹,è‡ªæ‹
èƒ½æ•™,èƒ½æ•™
çŸ­è¯­,çŸ­è¯­
å¤ªå¥½äº†,å¤ªå¥½äº†
æƒ…å†µ,æƒ…å†µ
æˆ‘ç”¨,æˆ‘ç”¨
å¤–è¯­,å¤–è¯­
ä¹¦å±•,ä¹¦å±•
yuki,yuki
pls,pls
ğŸ’•,ğŸ’•
å¤´åƒ,å¤´åƒ
å¥³å­©å­,å¥³å­©å­
è‡ªåˆ¶,è‡ªåˆ¶
ç¾å¥³,ç¾å¥³
netherlands,netherlands
firstpost,firstpost
follow4followback,follow4followback
ä¸‘é™‹,ä¸‘é™‹
everybodyï¼Œ,everybodyï¼Œ
æ³•å›½,æ³•å›½
ğŸ‡«ğŸ‡·,ğŸ‡«ğŸ‡·
è¿åŠ¨,è¿åŠ¨
ç¾é£Ÿ,ç¾é£Ÿ
æ±‰è¯­,æ±‰è¯­
ä¸å¤ªå¥½,ä¸å¤ªå¥½
åŠ æ‹¿å¤§,åŠ æ‹¿å¤§
å¸…å“¥,å¸…å“¥
snowed,snowed
special,special
snowday,snowday
hii,hii
16-year-old,16-year-old
homework,homework
16,16
å¸®,å¸®
åšä½œä¸š,åšä½œä¸š
foremost,foremost
onto,onto
matt,matt
28,28
single,single
princess,princess
construction,construction
truck,truck
driver,driver
sin,sin
city,city
ride,ride
harleys,harleys
go,go
fishing,fishing
boat,boat
others,others
activities,activities
anyone,anyone
thats,thats
dumpster,dumpster
fires,fires
american_refugees,american_refugees
motorcycle,motorcycle
boating,boating
harley,harley
toyota,toyota
unitedstatesğŸ‡ºğŸ‡¸,unitedstatesğŸ‡ºğŸ‡¸
ama,ama
alyssa,alyssa
salem,salem
å½“å¥½,å½“å¥½
hey,hey
thrilled,thrilled
ğŸ“š,ğŸ“š
exploring,exploring
genres,genres
diving,diving
deeper,deeper
world,world
books,books
seasoned,seasoned
pro,pro
passionate,passionate
discovering,discovering
stories,stories
bookish,bookish
thoughts,thoughts
exchange,exchange
recommendations,recommendations
fangirl/fanboy,fangirl/fanboy
favorites,favorites
journey,journey
âœ¨,âœ¨
booklovers,booklovers
romance,romance
fantasy,fantasy
darkromance,darkromance
æš—é»‘,æš—é»‘
æµªæ¼«,æµªæ¼«
è¶‹åŠ¿,è¶‹åŠ¿
æ¥å°çº¢ä¹¦,æ¥å°çº¢ä¹¦
åŒ—ç¾ç‰ˆ,åŒ—ç¾ç‰ˆ
å“ˆå“ˆå“ˆ,å“ˆå“ˆå“ˆ
ozzy,ozzy
å…§å®¹,å…§å®¹
é€™,é€™
éš»,éš»
è²“æ˜¯,è²“æ˜¯
é€™å€‹,é€™å€‹
æ˜Ÿçƒ,æ˜Ÿçƒ
å¯æ„›çš„,å¯æ„›çš„
æ”¹è®Š,æ”¹è®Š
teddyğŸ»,teddyğŸ»
cause,cause
aviation,aviation
employee,employee
flight,flight
operations,operations
relevant,relevant
outside,outside
å¬åˆ°,å¬åˆ°
æ¶ˆæ¯,æ¶ˆæ¯
ç¦,ç¦
ç¦»å¼€,ç¦»å¼€
ä»¤äºº,ä»¤äºº
éš¾è¿‡,éš¾è¿‡
æœ‰ç”¨,æœ‰ç”¨
å¾ˆæ£’,å¾ˆæ£’
ç¤¾åŒº,ç¤¾åŒº
ç å®,ç å®
æœè£…,æœè£…
æŒ‡ç”²,æŒ‡ç”²
äº†ä¸èµ·,äº†ä¸èµ·
å¯å‘,å¯å‘
è‚¯å®š,è‚¯å®š
tiktokban2025,tiktokban2025
ç¾ç”²,ç¾ç”²
æ–¹å¼,æ–¹å¼
hear,hear
news,news
longer,longer
banned,banned
probably,probably
leave,leave
kinda,kinda
sad,sad
helpful,helpful
jewelry,jewelry
nails,nails
inspired,inspired
sure,sure
amanda,amanda
refugee/explorer,refugee/explorer
humans,humans
occasionally,occasionally
adventures,adventures
medical,medical
kind,kind
é˜¿æ›¼,é˜¿æ›¼
è¾¾,è¾¾
æ¢ç´¢è€…,æ¢ç´¢è€…
äººç±»,äººç±»
å‘å¸ƒ,å‘å¸ƒ
å®¶äºº,å®¶äºº
å†’é™©,å†’é™©
ç»å†,ç»å†
åŒ»å­¦,åŒ»å­¦
ä¿è¯,ä¿è¯
å–„è‰¯,å–„è‰¯
though,though
now.,now.
ç”¨æˆ·,ç”¨æˆ·
å›å»,å›å»
ğŸ‘‹,ğŸ‘‹
insta,insta
snap,snap
tewizo11,tewizo11
maybe,maybe
install,install
wechat,wechat
allowing,allowing
food,food
yalls,yalls
dior,dior
crazy,crazy
sometimes,sometimes
sweet,sweet
rednoteï¼Œ,rednoteï¼Œ
ç†Ÿæ‚‰,ç†Ÿæ‚‰
leaving,leaving
losing,losing
mind,mind
happening,happening
reluctant,reluctant
holding,holding
é˜»ç¢,é˜»ç¢
ä¸ˆå¤«,ä¸ˆå¤«
æ¹–å—äºº,æ¹–å—äºº
æ‘„å½±,æ‘„å½±
ä»æ²¡,ä»æ²¡
å»è¿‡,å»è¿‡
æ„Ÿè§‰,æ„Ÿè§‰
å¾ˆä¼š,å¾ˆä¼š
è¾£,è¾£
ï¼ŸğŸ§,ï¼ŸğŸ§
äº¤,äº¤
husband,husband
hunan,hunan
music,music
photography,photography
met,met
spice,spice
easily,easily
handle,handle
spicy,spicy
ğŸ§,ğŸ§
language,language
è€å¤–,è€å¤–
santa,santa
monica,monica
æ´›æ‰çŸ¶,æ´›æ‰çŸ¶
alo,alo
å¥èº«,å¥èº«
tik,tik
interact,interact
witth,witth
å æ®,å æ®
ç¦ä»¤,ç¦ä»¤
è¿ç§»,è¿ç§»
åŒèƒä»¬,åŒèƒä»¬
å›å…³,å›å…³
maya,maya
moots,moots
kpop,kpop
stuff,stuff
å¤šè°¢,å¤šè°¢
æˆ‘é—¨,æˆ‘é—¨
helped,helped
practice,practice
spanish,spanish
cuba,cuba
trend,trend
espaÃ±ol,espaÃ±ol
latinos,latinos
foryou,foryou
5k,5k
legit,legit
98,98
messages,messages
obvious,obvious
scammers,scammers
ip,ip
address,address
known,known
fake,fake
profiles,profiles
get,get
algorithm,algorithm
rid,rid
ï¼tiktok,ï¼tiktok
ğŸ«¡,ğŸ«¡
guess,guess
getting,getting
migrating,migrating
ğŸ˜­,ğŸ˜­
æ˜¯ä»,æ˜¯ä»
å“ˆå£«å¥‡,å“ˆå£«å¥‡
ç”¨å°çº¢ä¹¦,ç”¨å°çº¢ä¹¦
å¸®å¸®æˆ‘,å¸®å¸®æˆ‘
ã€‚ğŸ˜…,ã€‚ğŸ˜…
husky,husky
mexico,mexico
u.s,u.s
ğŸ¤”ğŸ¤”ğŸ¤”,ğŸ¤”ğŸ¤”ğŸ¤”
cool,cool
swear,swear
surf,surf
browsing,browsing
vids,vids
switching,switching
playforms,playforms
japanese,japanese
french,french
degree,degree
dodgers,dodgers
ppl,ppl
area,area
s/o,s/o
fellow,fellow
ohtani,ohtani
hiking,hiking
playing,playing
piano,piano
ive,ive
hiked,hiked
half,half
dome,dome
yosemite,yosemite
twice,twice
tt_refugee,tt_refugee
tiktokbanğŸ˜­,tiktokbanğŸ˜­
landing,landing
page,page
currently,currently
review,review
patience,patience
meantime,meantime
introduce,introduce
æ‹,æ‹
èšé›†åœ°,èšé›†åœ°
å®¡æ ¸,å®¡æ ¸
è€å¿ƒ,è€å¿ƒ
ç­‰å¾…,ç­‰å¾…
åœ¨æ­¤æœŸé—´,åœ¨æ­¤æœŸé—´
é¡µé¢,é¡µé¢
è‡ªæˆ‘ä»‹ç»,è‡ªæˆ‘ä»‹ç»
ä¹±å¸¦,ä¹±å¸¦
æ ‡é¢˜,æ ‡é¢˜
å›½å®¶,å›½å®¶
lauryn,lauryn
worker,worker
lover,lover
nature/spending,nature/spending
outdoors,outdoors
games,games
dead,dead
redemption,redemption
sims,sims
stardew,stardew
valley,valley
married,married
wonderful,wonderful
exciting,exciting
friendsğŸ«‚â˜®ï¸ğŸ¤,friendsğŸ«‚â˜®ï¸ğŸ¤
space,space
easy,easy
vegan,vegan
å¯»æ‰¾,å¯»æ‰¾
secret,secret
code,code
nfa,nfa
dyor,dyor
investing,investing
xrp,xrp
wassup,wassup
ğŸ¤Ÿ,ğŸ¤Ÿ
ä»Šæ™¨,ä»Šæ™¨
å¸ƒé²å¡å°”,å¸ƒé²å¡å°”
è¡—é“,è¡—é“
ä»Šå¤©å¤©æ°”,ä»Šå¤©å¤©æ°”
çœŸ,çœŸ
brussels,brussels
number,number
followers,followers
kenya,kenya
ç«ç‘°,ç«ç‘°
america_refuge,america_refuge
é²œèŠ±,é²œèŠ±
instagram,instagram
youtube,youtube
tiktokrefuge,tiktokrefuge
italy,italy
danniebthomson,danniebthomson
imporant,imporant
business,business
dance,dance
07,07
brown,brown
indian,indian
continent,continent
called,called
africa,africa
ğŸŒ,ğŸŒ
4:53,4:53
æ—©ä¸Šå¥½,æ—©ä¸Šå¥½
è¯é¢˜,è¯é¢˜
tiktokrefugees2025,tiktokrefugees2025
tiktokrefugeesğŸ˜‚,tiktokrefugeesğŸ˜‚
nba,nba
hiphop,hiphop
æ–‡æ¡ˆ,æ–‡æ¡ˆ
å€¼å¾—,å€¼å¾—
sooo,sooo
cold,cold
todayğŸ¥¶,todayğŸ¥¶
relax,relax
æ—…æ¸¸,æ—…æ¸¸
æˆ‘çˆ±ä½ ,æˆ‘çˆ±ä½ 
molly,molly
youğŸ¥°,youğŸ¥°
stand,stand
unity,unity
support,support
warmth,warmth
bully,bully
point,point
lol,lol
_zjmc_,_zjmc_
ğŸ˜‚,ğŸ˜‚
loveithere,loveithere
dont,dont
thankful,thankful
welcomed,welcomed
open,open
arms,arms
éå¸¸æ„Ÿè°¢,éå¸¸æ„Ÿè°¢
wÇ’,wÇ’
bÃ¹,bÃ¹
zhÄ«dÃ o,zhÄ«dÃ o
zÃ i,zÃ i
zhÃ¨lÇ,zhÃ¨lÇ
zuÃ²,zuÃ²
shÃ©nme,shÃ©nme
dÃ n,dÃ n
fÄ“ichÃ¡ng,fÄ“ichÃ¡ng
gÇnxiÃ¨,gÇnxiÃ¨
nÃ©ng,nÃ©ng
shÃ²udÃ o,shÃ²udÃ o
zhÄngkÄishuÄng,zhÄngkÄishuÄng
bÃ¬,bÃ¬
de,de
huÄnyÃ­ng,huÄnyÃ­ng
shÃ ng,shÃ ng
nÇmen,nÇmen
shÃ¬,shÃ¬
zuÃ¬,zuÃ¬
bÃ ng,bÃ ng
å¾·å›½,å¾·å›½
é—®å€™,é—®å€™
ï¼ğŸ’•,ï¼ğŸ’•
julieï¼Œ,julieï¼Œ
17,17
ä½,ä½
ï¼ğŸ‡ºğŸ‡¸â¡ğŸ‡©ğŸ‡ª,ï¼ğŸ‡ºğŸ‡¸â¡ğŸ‡©ğŸ‡ª
ğŸ€„,ğŸ€„
ğŸ¥Ÿã€‚,ğŸ¥Ÿã€‚
æ¿€åŠ±,æ¿€åŠ±
æ˜å¹´,æ˜å¹´
ï¼ğŸ‡¨ğŸ‡³âœ¨,ï¼ğŸ‡¨ğŸ‡³âœ¨
ç¬¬ä¸€ç¯‡,ç¬¬ä¸€ç¯‡
æ–‡ç« ,æ–‡ç« 
ğŸ¤—,ğŸ¤—
ğŸ’¬,ğŸ’¬
å¥½çš„å¼€å§‹,å¥½çš„å¼€å§‹
åˆå­¦è€…,åˆå­¦è€…
æç¤º,æç¤º
å»ºè®®,å»ºè®®
å‘Šè¯‰,å‘Šè¯‰
ğŸ’¡ğŸ’–,ğŸ’¡ğŸ’–
greeting,greeting
germanyğŸ’•,germanyğŸ’•
julie,julie
17-year-old,17-year-old
raised,raised
u.s.,u.s.
germany,germany
ğŸ‡ºğŸ‡¸â¡ğŸ‡©ğŸ‡ª,ğŸ‡ºğŸ‡¸â¡ğŸ‡©ğŸ‡ª
lately,lately
fallen,fallen
cultureâ€”from,cultureâ€”from
delicious,delicious
ğŸ¥Ÿ,ğŸ¥Ÿ
visit,visit
ğŸ‡¨ğŸ‡³âœ¨,ğŸ‡¨ğŸ‡³âœ¨
it.ğŸ˜‰,it.ğŸ˜‰
advice,advice
total,total
beginner,beginner
commentsâ€”i,commentsâ€”i
traveler,traveler
learningchinese,learningchinese
tiktok_refugees,tiktok_refugees
firstpost2025,firstpost2025
choose_chinese_name,choose_chinese_name
chinese_name,chinese_name
shy,shy
å®³ç¾,å®³ç¾
æ¢å¤,æ¢å¤
æ¬§æ´²,æ¬§æ´²
store,store
æ’å,æ’å
å˜åŒ–,å˜åŒ–
ä¸‹æ»‘,ä¸‹æ»‘
å,å
ï¼Œtt,ï¼Œtt
29,29
ç¾åŒº,ç¾åŒº
æ±‚åŠ©,æ±‚åŠ©
ä¸‡èƒ½,ä¸‡èƒ½
ç½‘å‹,ç½‘å‹
beagle,beagle
memes,memes
adorable,adorable
victims,victims
organization,organization
exist,exist
confuses,confuses
me.i,me.i
quite,quite
meaning,meaning
æ¯”æ ¼,æ¯”æ ¼
çŠ¬,çŠ¬
è¡¨æƒ…,è¡¨æƒ…
åŒ…,åŒ…
å—å®³è€…,å—å®³è€…
ç»„ç»‡,ç»„ç»‡
è¿™ä»¤,è¿™ä»¤
å›°æƒ‘,å›°æƒ‘
tiktokrefugeeï»¿,tiktokrefugeeï»¿
beagleï»¿,beagleï»¿
memeï»¿,memeï»¿
fypï»¿,fypï»¿
è”ç›Ÿ,è”ç›Ÿ
korean,korean
los,los
angeles,angeles
éš¾ä»¥ç½®ä¿¡,éš¾ä»¥ç½®ä¿¡
å¾·å…‹è¨æ–¯å·,å¾·å…‹è¨æ–¯å·
ç‰›ä»”,ç‰›ä»”
æ‰€èƒ½,æ‰€èƒ½
è¥¿,è¥¿
è·¨å¢ƒ,è·¨å¢ƒ
ç”µå•†,ç”µå•†
é©¬,é©¬
éª‘,éª‘
ç›®å‰ä¸ºæ­¢,ç›®å‰ä¸ºæ­¢
å†…å®¹,å†…å®¹
å‘å±•å£®å¤§,å‘å±•å£®å¤§
1000,1000
ç²‰ä¸,ç²‰ä¸
è‡´ä»¥,è‡´ä»¥
è¯šæŒš,è¯šæŒš
å¿ƒæ„,å¿ƒæ„
askmeanything,askmeanything
æ”¶åˆ°,æ”¶åˆ°
å¥½äºº,å¥½äºº
åšçˆ±,åšçˆ±
ğŸ§¡,ğŸ§¡
words,words
ğŸ¤©ğŸ¥°,ğŸ¤©ğŸ¥°
ã¯ã˜ã‚ã¾ã—ã¦,ã¯ã˜ã‚ã¾ã—ã¦
äº¤åˆ°,äº¤åˆ°
è§åˆ°,è§åˆ°
ç©å¾—,ç©å¾—
å¼€å¿ƒ,å¼€å¿ƒ
æœ‰è¶£,æœ‰è¶£
translated,translated
terrible,terrible
ç³Ÿç³•,ç³Ÿç³•
å•çœ¼çš®,å•çœ¼çš®
titok,titok
æ—¥æœ¬,æ—¥æœ¬
è£…è´§,è£…è´§
æ‡’,æ‡’
æ‰“ä¸ªæ‹›å‘¼,æ‰“ä¸ªæ‹›å‘¼
thereâœŒï¸,thereâœŒï¸
ä¸‹é›ª,ä¸‹é›ª
g,g
mate,mate
alexander,alexander
alex,alex
æ—¥,æ—¥
å®‰,å®‰
ä¼™è®¡,ä¼™è®¡
whiteï¼Œ,whiteï¼Œ
alexï¼Œ,alexï¼Œ
åŒº,åŒº
æ›å…‰,æ›å…‰
æ°æ¢…,æ°æ¢…
è§£é‡Šä¸€ä¸‹,è§£é‡Šä¸€ä¸‹
cultures,cultures
helps,helps
connects,connects
normally,normally
æœ‰åŠ©äº,æœ‰åŠ©äº
ç›¸äº’,ç›¸äº’
ç”·å£«,ç”·å£«
æˆ‘å­¦é,æˆ‘å­¦é
ä¸€ç‚¹ç‚¹,ä¸€ç‚¹ç‚¹
ç™º,ç™º
è¦‹,è¦‹
åè©,åè©
èª,èª
æ–‡æ³•,æ–‡æ³•
å‰¯,å‰¯
è©,è©
ææ¡ˆ,ææ¡ˆ
å€Ÿç”¨,å€Ÿç”¨
è‹±èª,è‹±èª
ï¼Œthen,ï¼Œthen
ä¸­å­¦ç”Ÿ,ä¸­å­¦ç”Ÿ
level,level
æ¼¢å­—,æ¼¢å­—
å½,å½
gone,gone
fixiation,fixiation
å—²,å—²
ç¦ç”¨,ç¦ç”¨
å¥‡æ€ª,å¥‡æ€ª
çº¢æ ‘,çº¢æ ‘
dyã€‚,dyã€‚
ä¸€å¹´,ä¸€å¹´
å°çº¢ä¹¦é‡Œ,å°çº¢ä¹¦é‡Œ
å…¸å‹,å…¸å‹
æŠ—è®®,æŠ—è®®
è®°å¾—,è®°å¾—
emptyseatprotestã€‚,emptyseatprotestã€‚
ç¬¬ä¸€æ¬¡,ç¬¬ä¸€æ¬¡
æ¨é€,æ¨é€
æ™®é€šäºº,æ™®é€šäºº
å…‰é²œäº®ä¸½,å…‰é²œäº®ä¸½
åšä¸»ä»¬,åšä¸»ä»¬
é’±,é’±
ç©ºå‰,ç©ºå‰
å¹³å’Œ,å¹³å’Œ
å¹¸ç¦,å¹¸ç¦
globalization,globalization
æµªæ½®,æµªæ½®
é•¿å¤§,é•¿å¤§
é€è¿‡,é€è¿‡
æ¥è§¦,æ¥è§¦
è§†è§’,è§†è§’
æ„ŸåŠ¨,æ„ŸåŠ¨
ç®€å•,ç®€å•
æŠ½è±¡,æŠ½è±¡
brainrot,brainrot
ä¹‹é—´,ä¹‹é—´
å…±è¯†,å…±è¯†
è”ç»“,è”ç»“
è®¨è®º,è®¨è®º
åŠ¡å†œ,åŠ¡å†œ
è§‚é¸Ÿ,è§‚é¸Ÿ
è·¨è¶Š,è·¨è¶Š
é¦–æ¬¡,é¦–æ¬¡
ä¸»åŠ¨,ä¸»åŠ¨
åœ°ç†,åœ°ç†
éš”é˜‚,éš”é˜‚
çŸ­æš‚,çŸ­æš‚
æ‰“ç ´,æ‰“ç ´
æŒ‡è´£,æŒ‡è´£
è¿™æœ‰,è¿™æœ‰
ç¨€å¥‡,ç¨€å¥‡
æ—©,æ—©
äº«æœ‰,äº«æœ‰
ç‰¹æƒ,ç‰¹æƒ
è‡ªçŸ¥,è‡ªçŸ¥
æ ‡ç­¾,æ ‡ç­¾
ç©ç¬‘,ç©ç¬‘
è¯­å¢ƒ,è¯­å¢ƒ
å¾ˆæ˜¾,å¾ˆæ˜¾
è’è¯,è’è¯
æ„Ÿå—,æ„Ÿå—
æ·±ç©¶,æ·±ç©¶
æ›´å¤šä¼š,æ›´å¤šä¼š
æ‰€å¤„,æ‰€å¤„
ä¹‰åŠ¡,ä¹‰åŠ¡
å‰©ä½™,å‰©ä½™
ä¸å…¬,ä¸å…¬
å›°æ‰°,å›°æ‰°
åˆ«å¤ª,åˆ«å¤ª
èˆ”,èˆ”
ç™½äºº,ç™½äºº
è ¢,è ¢
åšä¸»æ—©,åšä¸»æ—©
ç§¯ç´¯,ç§¯ç´¯
æ„¤æ„¤,æ„¤æ„¤
äº‹ä»¶,äº‹ä»¶
ç¬¬ä¸€å¤©,ç¬¬ä¸€å¤©
ä¸Šç½‘,ä¸Šç½‘
å¤§éƒ¨åˆ†,å¤§éƒ¨åˆ†
ä¸‹ç­,ä¸‹ç­
èºº,èºº
åºŠä¸Š,åºŠä¸Š
åˆ·,åˆ·
ä¼šå„¿,ä¼šå„¿
æ‰‹æœº,æ‰‹æœº
è·å–,è·å–
ç¤¾ä¼š,ç¤¾ä¼š
æ®‹ç‰‡,æ®‹ç‰‡
éš¾åº¦,éš¾åº¦
æ˜æ˜,æ˜æ˜
è¿™ä»¶,è¿™ä»¶
ä¸€ä»¶,ä¸€ä»¶
æ—§,æ—§
è½¬å‘,è½¬å‘
é˜³å…‰,é˜³å…‰
å½©è™¹,å½©è™¹
ç™½é©¬,ç™½é©¬
å‘ç”Ÿ,å‘ç”Ÿ
æ±‡é›†,æ±‡é›†
æ€’æ„,æ€’æ„
èšç„¦,èšç„¦
æˆ¿è±¡,æˆ¿è±¡
è§†çº¿,è§†çº¿
è½ç‚¹,è½ç‚¹
ç›®å…‰,ç›®å…‰
èšæ•£,èšæ•£
å¼•çº¿,å¼•çº¿
åˆ¶é€ ,åˆ¶é€ 
é¶å­,é¶å­
å‘æ³„,å‘æ³„
æƒ…ç»ª,æƒ…ç»ª
æ”»å‡»,æ”»å‡»
æ— èƒ½ä¸ºåŠ›,æ— èƒ½ä¸ºåŠ›
åˆ†æ•£,åˆ†æ•£
æ³¨æ„åŠ›,æ³¨æ„åŠ›
å¼•å‘,å¼•å‘
å†²çª,å†²çª
å¯¹å‡†,å¯¹å‡†
å¯¼æ¼”,å¯¼æ¼”
å‰ªè¾‘,å‰ªè¾‘
æ•ˆæœ,æ•ˆæœ
é›†é‡‡,é›†é‡‡
å¿ƒ,å¿ƒ
è¿™å¥,è¿™å¥
è¯,è¯
nativeamerican,nativeamerican
anishinaabe,anishinaabe
ojibwe,ojibwe
acount,acount
â¤ï¸,â¤ï¸
è¿«ä¸åŠå¾…,è¿«ä¸åŠå¾…
åœ°æƒ³,åœ°æƒ³
tiktokisback,tiktokisback
ç¼–é€ ,ç¼–é€ 
ç‹—å±,ç‹—å±
ğŸ¥ºğŸ¤¦ğŸ½â€â™€ï¸,ğŸ¥ºğŸ¤¦ğŸ½â€â™€ï¸
elonmusk,elonmusk
wan,wan
outfitcheck,outfitcheck
truing,truing
cny,cny
chinesenewyear,chinesenewyear
xiaojongshu,xiaojongshu
jidangeng,jidangeng
é¸¡è›‹ç¾¹,é¸¡è›‹ç¾¹
steamed,steamed
egg,egg
cant,cant
believe,believe
guy,guy
marvinlaqueen,marvinlaqueen
1/19,1/19
1/23,1/23
1/24,1/24
japenese,japenese
recipe,recipe
acknowledge,acknowledge
japense,japense
chawanmushi,chawanmushi
dashi,dashi
stock,stock
cleat,cleat
water,water
definitely,definitely
differ,differ
steal,steal
appropriation,appropriation
tranditional,tranditional
hanfu,hanfu
mian,mian
qunï¼‰and,qunï¼‰and
seeing,seeing
stealling,stealling
pissing,pissing
opened,opened
arm,arm
celebration,celebration
turely,turely
heartbroken,heartbroken
peole,peole
cutlure,cutlure
boost,boost
treating,treating
non-exist,non-exist
shame,shame
åšæ³•,åšæ³•
meanâ€¦,meanâ€¦
ä½“é‡å‡è½»,ä½“é‡å‡è½»
workout,workout
thankyou,thankyou
å­¦åˆ°,å­¦åˆ°
æˆ‘å¿ƒ,æˆ‘å¿ƒ
ä¾ç„¶,ä¾ç„¶
æ„Ÿ,æ„Ÿ
ç¾åœ¨,ç¾åœ¨
software,software
engineer,engineer
ä¾†,ä¾†
åŠ å·,åŠ å·
è½¯ä»¶,è½¯ä»¶
å·¥ç¨‹å¸ˆ,å·¥ç¨‹å¸ˆ
æˆ‘æƒ³,æˆ‘æƒ³
çµäº¤æ–°,çµäº¤æ–°
å­¸ç¿’,å­¸ç¿’
å¹«å¿™,å¹«å¿™
americaï»¿,americaï»¿
chineseï»¿,chineseï»¿
tiktokï»¿,tiktokï»¿
americanï»¿,americanï»¿
å¸å¼•,å¸å¼•
åŸæœ¬,åŸæœ¬
ç›®æ ‡,ç›®æ ‡
å›½å†…,å›½å†…
é”™è§‰,é”™è§‰
åŒºé‡Œ,åŒºé‡Œ
çˆ¹,çˆ¹
å‘³å„¿,å‘³å„¿
æ›´é‡,æ›´é‡
å‹å¥½åº¦,å‹å¥½åº¦
å®£æ‰¬,å®£æ‰¬
çœŸå®,çœŸå®
å¹¶ä¸èªæ˜,å¹¶ä¸èªæ˜
æ˜¨å¤©,æ˜¨å¤©
æµ·å¤–,æµ·å¤–
è¦è¯´,è¦è¯´
å‚»å­,å‚»å­
åŠ©åŠ›,åŠ©åŠ›
ä¿ç•™,ä¿ç•™
iowa,iowa
â˜ºï¸,â˜ºï¸
ä¸€ä½,ä¸€ä½
çˆ±è·åå·,çˆ±è·åå·
æ™šä¸Š,æ™šä¸Š
ä¸€åˆ·,ä¸€åˆ·
é£æš´,é£æš´
ä¸€æ³¢,ä¸€æ³¢
å¸¦æ¥,å¸¦æ¥
1.,1.
emails,emails
å…ˆ,å…ˆ
æ”¶é›†,æ”¶é›†
è”ç³»æ–¹å¼,è”ç³»æ–¹å¼
2.,2.
tiktokers,tiktokers
å®˜æ–¹,å®˜æ–¹
3.,3.
subtitles,subtitles
quickly,quickly
ç¼–è¾‘,ç¼–è¾‘
çœŸæ‡’,çœŸæ‡’
4.,4.
might,might
deleted,deleted
inappropriate,inappropriate
zz,zz
æ­£ç¡®,æ­£ç¡®
èµ›é“,èµ›é“
5.,5.
livestreaming,livestreaming
å¸¦è´§,å¸¦è´§
ç­¾çº¦,ç­¾çº¦
6.,6.
channel,channel
å·,å·
è½¬å‹,è½¬å‹
7.,7.
èåˆ,èåˆ
8.,8.
jump,jump
mcn,mcn
å­µåŒ–,å­µåŒ–
ç½‘çº¢ä»¬,ç½‘çº¢ä»¬
å¿«é€Ÿ,å¿«é€Ÿ
é€‰,é€‰
èµ·å·,èµ·å·
å½±å“,å½±å“
å¯»æ‰¾æœºä¼š,å¯»æ‰¾æœºä¼š
13.,13.
lifes,lifes
å·®,å·®
å‡ºæµ·,å‡ºæµ·
è¡Œä¸š,è¡Œä¸š
æµ·,æµ·
15,15
è§†é¢‘,è§†é¢‘
ç¾,ç¾
æ–‡åŒ–å·®å¼‚,æ–‡åŒ–å·®å¼‚
ä¼šç«,ä¼šç«
æ‡‚,æ‡‚
ä¼˜åŠ¿,ä¼˜åŠ¿
æœªæ¥,æœªæ¥
è¶Šæ¥è¶Š,è¶Šæ¥è¶Š
19,19
è·¨å›½,è·¨å›½
æ„Ÿæƒ…,æ„Ÿæƒ…
20,20
æ”¿æ²»,æ”¿æ²»
åˆ›ä¸š,åˆ›ä¸š
æ‚è°ˆ,æ‚è°ˆ
ipï¼Œ,ipï¼Œ
è¯·å°çº¢ä¹¦,è¯·å°çº¢ä¹¦
æ—©æ—¥,æ—©æ—¥
åŠŸèƒ½,åŠŸèƒ½
æœ‰æ²¡æœ‰,æœ‰æ²¡æœ‰
äººæƒ³,äººæƒ³
å­¦æ³•è¯­,å­¦æ³•è¯­
ï¼ˆï¼Ÿï¼‰on,ï¼ˆï¼Ÿï¼‰on
peut,peut
parler,parler
franÃ§ais,franÃ§ais
overseas,overseas
release,release
function,function
soon,soon
franÃ§aisï¼ˆfrom,franÃ§aisï¼ˆfrom
traduction,traduction
refuge,refuge
æ‹…å¿ƒ,æ‹…å¿ƒ
ä¸§å¤±,ä¸§å¤±
è›è›,è›è›
å‡€åœŸ,å‡€åœŸ
å®éªŒå®¤,å®éªŒå®¤
å¬è§,å¬è§
è°ˆè®º,è°ˆè®º
ban,ban
ä¸‹è½½,ä¸‹è½½
æ±‚æ±‚,æ±‚æ±‚
ç®—æ³•,ç®—æ³•
åƒä¸‡åˆ«,åƒä¸‡åˆ«
ç¢°é¢,ç¢°é¢
ins,ins
äº’èµ,äº’èµ
â€”â€”â€”â€”â€”â€”â€”â€”â€”â€”â€”â€”â€”â€”â€”â€”â€”â€”â€”â€”â€”â€”â€”â€”,â€”â€”â€”â€”â€”â€”â€”â€”â€”â€”â€”â€”â€”â€”â€”â€”â€”â€”â€”â€”â€”â€”â€”â€”
äºŒç¼–,äºŒç¼–
åŒ–èº«,åŒ–èº«
momo,momo
è‡ªåœ¨,è‡ªåœ¨
ä¸‰ç¼–,ä¸‰ç¼–
å¥½å¤š,å¥½å¤š
å‘¨è¿…,å‘¨è¿…
.jpgï¼‰,.jpgï¼‰
ç†æ€§,ç†æ€§
å°±è¡Œ,å°±è¡Œ
å®³æ€•,å®³æ€•
è¯•å›¾,è¯•å›¾
ç½‘ä¸Š,ç½‘ä¸Š
å†²æµª,å†²æµª
åœ°æ–¹,åœ°æ–¹
å…³ç³»,å…³ç³»
å°±å¤Ÿ,å°±å¤Ÿ
åº¦,åº¦
99,99
wx,wx
é™Œç”Ÿäºº,é™Œç”Ÿäºº
ç½‘ç»œ,ç½‘ç»œ
è·ç¦»æ„Ÿ,è·ç¦»æ„Ÿ
è‡³å°‘,è‡³å°‘
èº«è¾¹,èº«è¾¹
ï¼‰ï¼Œ,ï¼‰ï¼Œ
å®å,å®å
æ€¼,æ€¼
è„¸,è„¸
æ²¡ç‚¹,æ²¡ç‚¹
èµ,èµ
æ”¶è—,æ”¶è—
è§ä¸å¾—äºº,è§ä¸å¾—äºº
å¯èƒ½æ€§,å¯èƒ½æ€§
ä¸å®‰å…¨æ„Ÿ,ä¸å®‰å…¨æ„Ÿ
ç•™å­,ç•™å­
ç•™å­¦ç”Ÿ,ç•™å­¦ç”Ÿ
äººé—®,äººé—®
æ²¡æ³•,æ²¡æ³•
èµšé’±,èµšé’±
å±æœº,å±æœº
è§£é™¤,è§£é™¤
é‡ç‚¹,é‡ç‚¹
z,z
åºœ,åºœ
ç¾¤ä¼—,ç¾¤ä¼—
åˆ»æ„,åˆ»æ„
è¥é€ ,è¥é€ 
èŒ§æˆ¿,èŒ§æˆ¿
æ¢ç´¢,æ¢ç´¢
å¤–å®£,å¤–å®£
æ‰‹æ®µ,æ‰‹æ®µ
å‰å®³,å‰å®³
å¯ä¿¡,å¯ä¿¡
æŠ¹é»‘,æŠ¹é»‘
æ±¡è”‘,æ±¡è”‘
æ¬ºéª—,æ¬ºéª—
éš¾,éš¾
çƒ­,çƒ­
æ–°é²œ,æ–°é²œ
å¤šä¹…,å¤šä¹…
female,female
farmers,farmers
wait,wait
farming,farming
ttrefuge,ttrefuge
å“ˆå“ˆå“ˆå“ˆ,å“ˆå“ˆå“ˆå“ˆ
unfortunately,unfortunately
ones,ones
blackqueen,blackqueen
losangeles,losangeles
æ‘æ°‘,æ‘æ°‘
ç›´æ’­é—´,ç›´æ’­é—´
ä¸€å †,ä¸€å †
å‡ å¤©,å‡ å¤©
è§£å°,è§£å°
ä¸€å¤œ,ä¸€å¤œ
è·‘å…‰,è·‘å…‰
æƒ³è¦,æƒ³è¦
ç•™ä¸‹,ç•™ä¸‹
ç‚¹,ç‚¹
å–,å–
çƒ­æ°´,çƒ­æ°´
tiktokrefugeesï»¿,tiktokrefugeesï»¿
æ´‹æŠ–,æ´‹æŠ–
æç¬‘,æç¬‘
æ¸¸å­¦,æ¸¸å­¦
å›¢,å›¢
é˜Ÿé•¿,é˜Ÿé•¿
æ ¡å›­,æ ¡å›­
åœŸè±†,åœŸè±†
èˆ¹é•¿,èˆ¹é•¿
è¯æ˜¯,è¯æ˜¯
å¬ä¸æ‡‚,å¬ä¸æ‡‚
ï¼Ÿwho,ï¼Ÿwho
captain,captain
potato,potato
æ¨¡ä»¿,æ¨¡ä»¿
meme,meme
gym,gym
credit,credit
k.victoria26,k.victoria26
å›åº”,å›åº”
æ— å®¶å¯å½’,æ— å®¶å¯å½’
ç§»æ°‘,ç§»æ°‘
éœ²å®¿,éœ²å®¿
trending,trending
explore,explore
historians,historians
yu,yu
actual,actual
person,person
mythical,mythical
human,human
æ•æˆ‘ç›´è¨€,æ•æˆ‘ç›´è¨€
å†å²å­¦å®¶,å†å²å­¦å®¶
å¤§ç¦¹,å¤§ç¦¹
æ§åˆ¶,æ§åˆ¶
æ²³æµ,æ²³æµ
äººç‰©,äººç‰©
ç¥è¯,ç¥è¯
pk,pk
offends,offends
meant,meant
curiosity,curiosity
ignorant,ignorant
enlightened,enlightened
å†’çŠ¯,å†’çŠ¯
ä»»ä½•äºº,ä»»ä½•äºº
å¥½å¥‡å¿ƒ,å¥½å¥‡å¿ƒ
çŸ¥ä¹‹ç”šå°‘,çŸ¥ä¹‹ç”šå°‘
æå‡º,æå‡º
æ•™ä¼š,æ•™ä¼š
å¥³ç¥,å¥³ç¥
starting,starting
vibe,vibe
anymore,anymore
tend,tend
ruin,ruin
å—æ¬¢è¿,å—æ¬¢è¿
ç ´å,ç ´å
äº‹ç‰©,äº‹ç‰©
æ¯æ¬¡,æ¯æ¬¡
æ–°é—»,æ–°é—»
æ‰“å¼€,æ‰“å¼€
ç¤¾äº¤,ç¤¾äº¤
åª’ä½“,åª’ä½“
å¤±æœ›,å¤±æœ›
è‰°éš¾,è‰°éš¾
é€ƒç¦»,é€ƒç¦»
è´Ÿ,è´Ÿ
èƒ½é‡,èƒ½é‡
å‹å–„,å‹å–„
inauguration,inauguration
iloveithere,iloveithere
staying,staying
æ‰¾,æ‰¾
keep,keep
edit,edit
struggle,struggle
feeding,feeding
rich,rich
comforting,comforting
waking,waking
æ¸©æ°´,æ¸©æ°´
ä¸‰å¤©,ä¸‰å¤©
å¤ªæ£’äº†,å¤ªæ£’äº†
èˆ’æœ,èˆ’æœ
æ—©ä¸Š,æ—©ä¸Š
èµ·åºŠ,èµ·åºŠ
figuring,figuring
track,track
fast,fast
æ‘¸ç´¢,æ‘¸ç´¢
ç©å°çº¢ä¹¦,ç©å°çº¢ä¹¦
æ‰¾åˆ°,æ‰¾åˆ°
èŠ‚å¥,èŠ‚å¥
å­¦å¾—,å­¦å¾—
å¾ˆå¿«,å¾ˆå¿«
çƒŸé¬¼,çƒŸé¬¼
ç»„åˆ,ç»„åˆ
thechainsmokers,thechainsmokers
è€ä¹¡,è€ä¹¡
ç”µéŸ³,ç”µéŸ³
round,round
faces,faces
ğŸ˜i,ğŸ˜i
move,move
åœ†è„¸,åœ†è„¸
é—»å,é—»å
æ¬,æ¬
åœ†æ»šæ»š,åœ†æ»šæ»š
å¤§äºº,å¤§äºº
xiaogongshu,xiaogongshu
æˆ‘å¿ƒä¾æ—§,æˆ‘å¿ƒä¾æ—§
çŸ­å‰§,çŸ­å‰§
ä¸Šç˜¾,ä¸Šç˜¾
watch,watch
dramas,dramas
addicted,addicted
æˆå‰§,æˆå‰§
hotel,hotel
place,place
å¯¹ä¸èµ·,å¯¹ä¸èµ·
æ—…é¦†,æ—…é¦†
hotelcalifornia,hotelcalifornia
åŠ åˆ©ç¦å°¼äºšå·,åŠ åˆ©ç¦å°¼äºšå·
farewell,farewell
although,although
goodbyeâ€¦,goodbyeâ€¦
å†è§,å†è§
charlieputh,charlieputh
wewereherefirst,wewereherefirst
å…ˆæ¥,å…ˆæ¥
seeyouagain,seeyouagain
å…¬æ°‘,å…¬æ°‘
å°å­©å­,å°å­©å­
èµ°è·¯,èµ°è·¯
ä¸Šå­¦,ä¸Šå­¦
citizens,citizens
true,true
young,young
children,children
walk,walk
school,school
anywhere,anywhere
parents,parents
trouble,trouble
law,law
child,child
endangerment,endangerment
kid,kid
goes,goes
alome,alome
safe,safe
enough,enough
kids,kids
needs,needs
take,take
notes,notes
nosy,nosy
comment,comment
sense,sense
å…«å¦,å…«å¦
å¤ªå¤š,å¤ªå¤š
catmeme,catmeme
æ€§æ„Ÿ,æ€§æ„Ÿ
è…¹éƒ¨,è…¹éƒ¨
ã€‚ï¼ˆ,ã€‚ï¼ˆ
ç¿»è¯‘å™¨,ç¿»è¯‘å™¨
languages,languages
picked,picked
ä¸æƒ³,ä¸æƒ³
æŒªå¨,æŒªå¨
äº²æˆš,äº²æˆš
çˆ¶äº²,çˆ¶äº²
å“¥å“¥,å“¥å“¥
å¥³å„¿,å¥³å„¿
æ•°æ®,æ•°æ®
æ—¶ä»£,æ—¶ä»£
ä½è°ƒ,ä½è°ƒ
å±è”½,å±è”½
å°çº¢,å°çº¢
ä¹¦ä¸Š,ä¹¦ä¸Š
å¶ç„¶,å¶ç„¶
éšæœº,éšæœº
enjoyed,enjoyed
luo,luo
si,si
fen,fen
noodles,noodles
èºä¸,èºä¸
ç²‰,ç²‰
åƒè¾£é¢,åƒè¾£é¢
tiktokrefugeeğŸ‡ºğŸ‡¸,tiktokrefugeeğŸ‡ºğŸ‡¸
stinkynoodle,stinkynoodle
è‡­é¢,è‡­é¢
é˜¿æ ¹å»·,é˜¿æ ¹å»·
åè£”,åè£”
cintiaï¼Œ,cintiaï¼Œ
çˆ¶æ¯,çˆ¶æ¯
ç‚¹èµ,ç‚¹èµ
åœ°çƒ,åœ°çƒ
ruan,ruan
è®©æˆ‘æ‹¿,è®©æˆ‘æ‹¿
æ‹ç…§,æ‹ç…§
æ”¶è·,æ”¶è·
çˆ±å¿ƒ,çˆ±å¿ƒ
ğŸ«¶ğŸ»ğŸ©µà¾€à½²,ğŸ«¶ğŸ»ğŸ©µà¾€à½²
æ–‡åŒ–äº¤æµ,æ–‡åŒ–äº¤æµ
simplify,simplify
è‹±å›½,è‹±å›½
å“ˆåˆ©æ³¢,å“ˆåˆ©æ³¢
ç‰¹,ç‰¹
æèµ·,æèµ·
ğŸ¤£,ğŸ¤£
introduction,introduction
å¾ˆç©·,å¾ˆç©·
å­¦è´¹,å­¦è´¹
æ˜‚è´µ,æ˜‚è´µ
å¤§å­¦,å¤§å­¦
tiktokapp,tiktokapp
tiktokupdate,tiktokupdate
tiktokupload,tiktokupload
tiktokhowto,tiktokhowto
tiktokfix,tiktokfix
movies,movies
ro,ro
watching,watching
ğŸŒ±,ğŸŒ±
nihao,nihao
å—è¿‡,å—è¿‡
å¤å…¸,å¤å…¸
å¤§æç´,å¤§æç´
è®­ç»ƒ,è®­ç»ƒ
å¤±è´¥,å¤±è´¥
å‹å¥½äººå£«,å‹å¥½äººå£«
incredibly,incredibly
netizens,netizens
check,check
fish,fish
cosplay,cosplay
ä¼˜,ä¼˜
èˆ,èˆ
åŸç¥,åŸç¥
é±¼,é±¼
å’Œå°çº¢,å’Œå°çº¢
ä¹¦,ä¹¦
æ”¹è¡Œ,æ”¹è¡Œ
ç™½å¤©,ç™½å¤©
æˆ‘è¦,æˆ‘è¦
ç•™ä¸‹æ¥,ç•™ä¸‹æ¥
é€›,é€›
ä¸€åœˆ,ä¸€åœˆ
å¤¸äºº,å¤¸äºº
åå‘,åå‘
å†²å‡»,å†²å‡»
è¾“å‡º,è¾“å‡º
ttrefugges,ttrefugges
å»å¹´,å»å¹´
asuka,asuka
æ˜æ—¥é¦™,æ˜æ—¥é¦™
eva,eva
æ–°ä¸–çºª,æ–°ä¸–çºª
ç¦éŸ³æˆ˜å£«,ç¦éŸ³æˆ˜å£«
cos,cos
recipes,recipes
chicken,chicken
thighs,thighs
export,export
throw,throw
away,away
breasts,breasts
kidding,kidding
ğŸ“,ğŸ“
chinesecooking,chinesecooking
èœ,èœ
æœ‰é’±,æœ‰é’±
scroll,scroll
lives,lives
folks,folks
dresses,dresses
awesome,awesome
å¤©,å¤©
æµè§ˆ,æµè§ˆ
ç©¿ç€,ç©¿ç€
æ¼‚äº®,æ¼‚äº®
è¡£æœ,è¡£æœ
tiktok_refugeeï»¿,tiktok_refugeeï»¿
tiktokbanï»¿,tiktokbanï»¿
india,india
ğŸ‡®ğŸ‡³,ğŸ‡®ğŸ‡³
mean,mean
ğŸ€ğŸ™‡â€â™€ï¸,ğŸ€ğŸ™‡â€â™€ï¸
å°åº¦,å°åº¦
ğŸ‡®ğŸ‡³ï¼Œ,ğŸ‡®ğŸ‡³ï¼Œ
åˆ»è–„,åˆ»è–„
everybodyğŸ‘‹,everybodyğŸ‘‹
all-starâš¡ï¸âš¡ï¸âš¡ï¸,all-starâš¡ï¸âš¡ï¸âš¡ï¸
å…¨æ˜æ˜Ÿ,å…¨æ˜æ˜Ÿ
æ°ä¼¦,æ°ä¼¦
å¨å»‰å§†æ–¯,å¨å»‰å§†æ–¯
ä¿„å…‹æ‹‰è·é©¬,ä¿„å…‹æ‹‰è·é©¬
é›·éœ†,é›·éœ†
damn,damn
tell,tell
whole,whole
foinee,foinee
brothers,brothers
sea,sea
åª½çš„,åª½çš„
èªª,èªª
ä»¥ä¾†,ä»¥ä¾†
å¤§æ´‹å½¼å²¸,å¤§æ´‹å½¼å²¸
é€™éº¼,é€™éº¼
é€™äº›,é€™äº›
è¶…ç´š,è¶…ç´š
é­…åŠ›,é­…åŠ›
ä¸­åœ‹,ä¸­åœ‹
å…„å¼Ÿ,å…„å¼Ÿ
ğŸ˜…ï¼Ÿ,ğŸ˜…ï¼Ÿ
çœ‹å°çº¢ä¹¦,çœ‹å°çº¢ä¹¦
wound,wound
cut,cut
å‰²ä¼¤,å‰²ä¼¤
ä¼¤å£,ä¼¤å£
received,received
deserving,deserving
ways,ways
beauty,beauty
quiet,quiet
strength,strength
fortitude,fortitude
kindness,kindness
refreshing,refreshing
warms,warms
æ¸©æš–,æ¸©æš–
å®‰é™,å®‰é™
æ¯…åŠ›,æ¯…åŠ›
ä»¤äººæƒŠå¹,ä»¤äººæƒŠå¹
å¥½æ„,å¥½æ„
å¿ƒæ—·ç¥æ€¡,å¿ƒæ—·ç¥æ€¡
åˆ¶ä½œ,åˆ¶ä½œ
å¼ çŒ«,å¼ çŒ«
tiktokrefugee2025,tiktokrefugee2025
tough,tough
study,study
gpt,gpt
è¯­,è¯­
thetaleoffood,thetaleoffood
ä¹™å¥³,ä¹™å¥³
éŠæˆ²,éŠæˆ²
ç¿»è¯‘æˆ,ç¿»è¯‘æˆ
ä¸å½“,ä¸å½“
è¯è¯­,è¯è¯­
çœŸå¿ƒ,çœŸå¿ƒ
ä¸å¤ª,ä¸å¤ª
å°çº¢ä¹¦ç«,å°çº¢ä¹¦ç«
ç¦»ä¸å¼€,ç¦»ä¸å¼€
ï¼ï¼ï¼looking,ï¼ï¼ï¼looking
naraka,naraka
v,v
50,50
thursday,thursday
æ˜¥èŠ‚,æ˜¥èŠ‚
æ°¸åŠ«çˆ½,æ°¸åŠ«çˆ½
æ—¥æ—¥,æ—¥æ—¥
åŠ«,åŠ«
åŒ—ç¾,åŒ—ç¾
æ°¸åŠ«,æ°¸åŠ«
æ— é—´,æ— é—´
asking,asking
hurt,hurt
dating,dating
datingapps,datingapps
collecting,collecting
collections,collections
alabama,alabama
native,native
speakers,speakers
spoken,spoken
simulated,simulated
conversations,conversations
role,role
plays,plays
converse,converse
vocally,vocally
lesson,lesson
ton,ton
created,created
+hello,+hello
taught,taught
duolingo,duolingo
wish,wish
hanzipro,hanzipro
spaced-repitition,spaced-repitition
driven,driven
flash,flash
chineasy,chineasy
visual,visual
hanzi,hanzi
levels,levels
anki,anki
spaced,spaced
reputition,reputition
cards,cards
downloaded,downloaded
deck,deck
online,online
vocabulary,vocabulary
knowledge,knowledge
additional,additional
context,context
learnchinese,learnchinese
mullet,mullet
wtf,wtf
hairstyle,hairstyle
pittsburgh,pittsburgh
pennsylvania,pennsylvania
girlï»¿,girlï»¿
allowed,allowed
musicians,musicians
éŸ³ä¹å®¶,éŸ³ä¹å®¶
æé”™,æé”™
æ¨å¹¿,æ¨å¹¿
sarcastic,sarcastic
toxic,toxic
sarcasm,sarcasm
hilarious,hilarious
humour,humour
åŸƒåŠ,åŸƒåŠ
èµµéœ²,èµµéœ²
æ€æŒ‚,æ€æŒ‚
æ‹„,æ‹„
æ‰­,æ‰­
å‚åŠ ,å‚åŠ 
æ´»åŠ¨,æ´»åŠ¨
æ¥,æ¥
ä¸ä½,ä¸ä½
çƒ‚,çƒ‚
æ¢—,æ¢—
å°åŒº,å°åŒº
æ–°å¹´,æ–°å¹´
æŠ¥è­¦,æŠ¥è­¦
ç¨‹åº¦,ç¨‹åº¦
kate,kate
rose,rose
england,england
models,models
creative,creative
life,life
perspective,perspective
tick,tick
tock,tock
ğŸ™ˆ,ğŸ™ˆ
figured,figured
lay,lay
full,full
inspiration,inspiration
fact,fact
step,step
means,means
upcoming,upcoming
trip,trip
thereâ€¦,thereâ€¦
places,places
å‡¯ç‰¹,å‡¯ç‰¹
ç½—æ–¯,ç½—æ–¯
è‰ºæœ¯ç³»,è‰ºæœ¯ç³»
ä¸šä½™æ—¶é—´,ä¸šä½™æ—¶é—´
æ¨¡ç‰¹,æ¨¡ç‰¹
åˆ›æ„,åˆ›æ„
è§’åº¦,è§’åº¦
instagramğŸ™ˆï¼‰ï¼Œ,instagramğŸ™ˆï¼‰ï¼Œ
çµæ„Ÿ,çµæ„Ÿ
ç»§æ¯,ç»§æ¯
æ„å‘³ç€,æ„å‘³ç€
æ—…æ¸¸æ™¯ç‚¹,æ—…æ¸¸æ™¯ç‚¹
model,model
çƒ­æƒ…,çƒ­æƒ…
indie,indie
sax,sax
å¿ƒç†,å¿ƒç†
å¥åº·çŠ¶å†µ,å¥åº·çŠ¶å†µ
æœç”¨,æœç”¨
æ²»ç–—,æ²»ç–—
ç²¾ç¥ç–¾ç—…,ç²¾ç¥ç–¾ç—…
è¯ç‰©,è¯ç‰©
æŠ‘éƒç—‡,æŠ‘éƒç—‡
ç„¦è™‘ç—‡,ç„¦è™‘ç—‡
å¤šåŠ¨ç—‡,å¤šåŠ¨ç—‡
ï¼ˆadhdï¼‰,ï¼ˆadhdï¼‰
æ™®éå­˜åœ¨,æ™®éå­˜åœ¨
å–æ¶ˆ,å–æ¶ˆ
ã€‚ğŸ¥º,ã€‚ğŸ¥º
æ”¾å¿ƒ,æ”¾å¿ƒ
æ‹¥æŠ±,æ‹¥æŠ±
å½“æˆ,å½“æˆ
æœ‹å‹åœˆ,æœ‹å‹åœˆ
æ·±æ·±,æ·±æ·±
ã€‚ğŸŒ¹,ã€‚ğŸŒ¹
åˆ›å»º,åˆ›å»º
ç¾¤èŠ,ç¾¤èŠ
canary,canary
åŸå ¡,åŸå ¡
ğŸ°ğŸŒ™,ğŸ°ğŸŒ™
å…¬å‘Š,å…¬å‘Š
ç‹¬å®¶,ç‹¬å®¶
complex,complex
ï¼ğŸ¤,ï¼ğŸ¤
æ‘‡æ»š,æ‘‡æ»š
è§†è§‰ç³»,è§†è§‰ç³»
å‰ä»–æ‰‹,å‰ä»–æ‰‹
rock,rock
guitar,guitar
å’Œå¹³,å’Œå¹³
ğŸŒ¹ğŸŒ¹ğŸŒ¹ğŸŒ¹ğŸŒ¹ğŸŒ¹ğŸŒ¹,ğŸŒ¹ğŸŒ¹ğŸŒ¹ğŸŒ¹ğŸŒ¹ğŸŒ¹ğŸŒ¹
æ–¯æ‹‰,æ–¯æ‹‰
æŠ¤ç†,æŠ¤ç†
è¾…åŠ©,è¾…åŠ©
å°½åŠ›,å°½åŠ›
æˆ‘èƒ½,æˆ‘èƒ½
åŒ»é™¢,åŒ»é™¢
è½®ç­,è½®ç­
å°æ—¶,å°æ—¶
ezra,ezra
nursing,nursing
paramedicine,paramedicine
12hr,12hr
shift,shift
placement,placement
process,process
é•¿å‘,é•¿å‘
ç”·,ç”·
å¥³äºº,å¥³äºº
å¤ªä¼š,å¤ªä¼š
ğŸ‡¬ğŸ‡§ğŸ‡«ğŸ‡·ğŸ‡©ğŸ‡ªğŸ‡®ğŸ‡¹ğŸ‡ªğŸ‡¸,ğŸ‡¬ğŸ‡§ğŸ‡«ğŸ‡·ğŸ‡©ğŸ‡ªğŸ‡®ğŸ‡¹ğŸ‡ªğŸ‡¸
è…¹è‚Œ,è…¹è‚Œ
chronically,chronically
somehwere,somehwere
migrate,migrate
é•¿æœŸ,é•¿æœŸ
ç¦æ­¢,ç¦æ­¢
çœ‹ä¸æ‡‚,çœ‹ä¸æ‡‚
æ™¯å¾·é•‡,æ™¯å¾·é•‡
é™¶ç“·,é™¶ç“·
å¥½å¥½,å¥½å¥½
è¿‡å¹´,è¿‡å¹´
å¤§èµ,å¤§èµ
ç¬¬ä¸€æ‰¹,ç¬¬ä¸€æ‰¹
å›å®¶,å›å®¶
å´½,å´½
fitcheck,fitcheck
æ—…è¡Œ,æ—…è¡Œ
ç¬¬ä¸€ç«™,ç¬¬ä¸€ç«™
gets,gets
ğŸ˜,ğŸ˜
ç›¸æ‹¥,ç›¸æ‹¥
oliver,oliver
å§œç„±ç„±,å§œç„±ç„±
è„±æ‰,è„±æ‰
è©è¨,è©è¨
åªèƒ½,åªèƒ½
æ­£å®¤,æ­£å®¤
å®½å®¹,å®½å®¹
å¤–é¢,å¤–é¢
æ—©ç‚¹,æ—©ç‚¹
ä¸çœ‹,ä¸çœ‹
çœ‹ç™½,çœ‹ç™½
wondering,wondering
skincare,skincare
products,products
dermatology,dermatology
recommend,recommend
ç¬¬å…­æ¬¡,ç¬¬å…­æ¬¡
é™,é™
è¿è§„,è¿è§„
åµç´¯,åµç´¯
é¢„åˆ¶,é¢„åˆ¶
å…¥é©»,å…¥é©»
è¯,è¯
ä¸è§£,ä¸è§£
æ˜¯é,æ˜¯é
è¯æ±‡,è¯æ±‡
å¤„äº,å¤„äº
é«˜ä½,é«˜ä½
æ”¾åœ¨,æ”¾åœ¨
æ°å½“,æ°å½“
ä½ä½,ä½ä½
å¼•ç”¨,å¼•ç”¨
é»„æ‰§ä¸­,é»„æ‰§ä¸­
å‘è¨€,å‘è¨€
å¼€ç©ç¬‘,å¼€ç©ç¬‘
ç ´é˜²,ç ´é˜²
å®¶é‡Œäºº,å®¶é‡Œäºº
å°æœ‹å‹,å°æœ‹å‹
ç•™å­¦,ç•™å­¦
å¤ªå°,å¤ªå°
ç™¾åˆ†ä¹‹,ç™¾åˆ†ä¹‹
æ„æ„¿,æ„æ„¿
æ•é”,æ•é”
æ„ŸçŸ¥,æ„ŸçŸ¥
äº‹å®,äº‹å®
ç‰¹åˆ«,ç‰¹åˆ«
é«˜ä¸­,é«˜ä¸­
æ—¶æœŸ,æ—¶æœŸ
ç¤¾äº¤åœˆ,ç¤¾äº¤åœˆ
è„±ç¦»,è„±ç¦»
åˆ©ç´¢,åˆ©ç´¢
å¹½é»˜,å¹½é»˜
ç”Ÿ,ç”Ÿ
é¢ä¸´,é¢ä¸´
å›°å¢ƒ,å›°å¢ƒ
æ‰¿è®¤,æ‰¿è®¤
å«‰å¦’,å«‰å¦’
ä¸è®¸,ä¸è®¸
éª‚,éª‚
è‡ªæ‰¾è‹¦åƒ,è‡ªæ‰¾è‹¦åƒ
äººç”¨,äººç”¨
æ–°å¥‡,æ–°å¥‡
å¦¥å,å¦¥å
å…«å¹´,å…«å¹´
æ”¶ç•™,æ”¶ç•™
å…¨æ ¡,å…¨æ ¡
å”¯ä¸€,å”¯ä¸€
äºšæ´²,äºšæ´²
é¢å­”,é¢å­”
ä¹Ÿè,ä¹Ÿè
æŠ±å›¢,æŠ±å›¢
æ²¡å¾—,æ²¡å¾—
æŠ±,æŠ±
é¢å¯¹,é¢å¯¹
å›½äºº,å›½äºº
å¼€å¯,å¼€å¯
å¤©ä¸Šæ‰,å¤©ä¸Šæ‰
é¦…é¥¼,é¦…é¥¼
ttï¼Œ,ttï¼Œ
å›½å¤–,å›½å¤–
ç¤¾åª’,ç¤¾åª’
å¹³æ›¿,å¹³æ›¿
é¡ºä½,é¡ºä½
ç¬¬ä¸€,ç¬¬ä¸€
æƒ³èµ·,æƒ³èµ·
èŠ‚è¯¾,èŠ‚è¯¾
å¥³ç”Ÿ,å¥³ç”Ÿ
åç§°,åç§°
æ—¥è¯­,æ—¥è¯­
ç¡®è®¤,ç¡®è®¤
åŒä¸€ä¸ª,åŒä¸€ä¸ª
ä¹ æƒ¯æ€§,ä¹ æƒ¯æ€§
ç»•è¿‡,ç»•è¿‡
ä¸€æ®µ,ä¸€æ®µ
è¯¦ç»†,è¯¦ç»†
æè¿°æ€§,æè¿°æ€§
è¯è¯­,è¯è¯­
è§£é‡Š,è§£é‡Š
tictok,tictok
å´©æºƒ,å´©æºƒ
åªä¼š,åªä¼š
é¸Ÿ,é¸Ÿ
ceciï¼,ceciï¼
ä¸çŸ¥,ä¸çŸ¥
ï¼šï¼‰,ï¼šï¼‰
joshuiiie,joshuiiie
ä¸­æ–‡ç‰ˆ,ä¸­æ–‡ç‰ˆ
ç½‘,ç½‘
è½¬å‘,è½¬å‘
å¤–,å¤–
åˆ·åˆ°,åˆ·åˆ°
åŸå€,åŸå€
ï¼š58,ï¼š58
magic_house,magic_house
ä¸€ç¯‡,ä¸€ç¯‡
ğŸ˜†,ğŸ˜†
y5xcdohbb1coa0m,y5xcdohbb1coa0m
//xhslink.com/a/l4iql8sxhjx4ï¼Œ,//xhslink.com/a/l4iql8sxhjx4ï¼Œ
å¤åˆ¶æœ¬,å¤åˆ¶æœ¬
æ¡,æ¡
ã€‘app,ã€‘app
æŸ¥çœ‹,æŸ¥çœ‹
ç²¾å½©å†…å®¹,ç²¾å½©å†…å®¹
ç¾å›½å…±å’Œå…š,ç¾å›½å…±å’Œå…š
éƒ¨é—¨,éƒ¨é—¨
äºšå¤ªåŒº,äºšå¤ªåŒº
ä¸»ä»»å§”å‘˜,ä¸»ä»»å§”å‘˜
ross,ross
feingoldï¼Œ,feingoldï¼Œ
å¤´æ¡,å¤´æ¡
åŒæƒ…,åŒæƒ…
çŠ¹å¤ªäºº,çŠ¹å¤ªäºº
è¨€è®º,è¨€è®º
è·¯,è·¯
å¼•ç»æ®å…¸,å¼•ç»æ®å…¸
ä¸€å£æ°”,ä¸€å£æ°”
é•¿æ–‡,é•¿æ–‡
è¿™ä½,è¿™ä½
çŠ¹å¤ªè£”,çŠ¹å¤ªè£”
ä¸€å ‚,ä¸€å ‚
å†å²è¯¾,å†å²è¯¾
å…±å’Œå…šäºº,å…±å’Œå…šäºº
å·å·,å·å·
åˆ è¯„,åˆ è¯„
feingold,feingold
former,former
director,director
republican,republican
party,party
division,division
asia,asia
pacific,pacific
region,region
criticized,criticized
lack,lack
empathy,empathy
towards,towards
jews,jews
topic,topic
israeli,israeli
palestinian,palestinian
conflict,conflict
headlines,headlines
sparking,sparking
heated,heated
discussions,discussions
netizen,netizen
quoted,quoted
classics,classics
wrote,wrote
article,article
breath,breath
giving,giving
jewish,jewish
secretly,secretly
response,response
follows,follows
dÃ jiÄ,dÃ jiÄ
hÇo,hÇo
lydia,lydia
lÃ¡izÃ¬,lÃ¡izÃ¬
mÄ›iguÃ³,mÄ›iguÃ³
dÃ©,dÃ©
kÃ¨,kÃ¨
sÃ ,sÃ 
sÄ«,sÄ«
zhÅu,zhÅu
nÃ nmÃ­n,nÃ nmÃ­n
yÄ«,yÄ«
wÃ¨i,wÃ¨i
mÇ”qÄ«n,mÇ”qÄ«n
hÃ©,hÃ©
lÇoshÄ«,lÇoshÄ«
yÄ›,yÄ›
jiÄ“dÃ iguÃ²,jiÄ“dÃ iguÃ²
wÃ iguÃ³,wÃ iguÃ³
jiÄohuÃ n,jiÄohuÃ n
shÄ“ng,shÄ“ng
hÃ¡i,hÃ¡i
mÃ©iyÇ’u,mÃ©iyÇ’u
zhÅngguÃ³,zhÅngguÃ³
hÄ›n,hÄ›n
gÄoxÃ¬ng,gÄoxÃ¬ng
zhÇodÃ ole,zhÇodÃ ole
mother,mother
teacher,teacher
host,host
students,students
shelby,shelby
yall,yall
along,along
breathtaking,breathtaking
veiw,veiw
exited,exited
mexican,mexican
english.i,english.i
penpal,penpal
gifts,gifts
globe,globe
æ´’ä¸‹,æ´’ä¸‹
æ³ªæ°´,æ³ªæ°´
ğŸ’§,ğŸ’§
miranda,miranda
lying,lying
tictoc,tictoc
é»„ç“œ,é»„ç“œ
ğŸ¥’,ğŸ¥’
ï¼ˆit,ï¼ˆit
æ³°å›½,æ³°å›½
è‹±æ–‡åå­—,è‹±æ–‡åå­—
cecilia,cecilia
æˆ‘å­¦,æˆ‘å­¦
9-17,9-17
ğŸ¤ğŸ»,ğŸ¤ğŸ»
ã€‚everything,ã€‚everything
typing,typing
memory,memory
æ›¼è°·,æ›¼è°·
university,university
miss,miss
ğŸ©·ğŸ©·,ğŸ©·ğŸ©·
followed,followed
xx,xx
æ³°å›½äºº,æ³°å›½äºº
å§‹ç»ˆè®¤ä¸º,å§‹ç»ˆè®¤ä¸º
ä¸åº”,ä¸åº”
å˜²ç¬‘,å˜²ç¬‘
å†™ç»™,å†™ç»™
æå,æå
å›ä¿¡,å›ä¿¡
ä¸è¯¥,ä¸è¯¥
è¢«å¿½è§†,è¢«å¿½è§†
çƒ­åº¦,çƒ­åº¦
ç»ˆå°†,ç»ˆå°†
è¤ªå»,è¤ªå»
ä¼ é€’,ä¼ é€’
ç¾å¥½,ç¾å¥½
æ°¸è¿œ,æ°¸è¿œ
å°è®°,å°è®°
åˆ»æ¿,åˆ»æ¿
å°è±¡,å°è±¡
åå…­å²,åå…­å²
æƒ³è±¡,æƒ³è±¡
å¾®ç¬‘,å¾®ç¬‘
ä¸€é,ä¸€é
é,é
æ¡†è¿›,æ¡†è¿›
stereotypes,stereotypes
ç™¾èˆ¬,ç™¾èˆ¬
æ²®ä¸§,æ²®ä¸§
ä½å®¶,ä½å®¶
è‹±æ–‡å,è‹±æ–‡å
americanized,americanized
å¼€,å¼€
æš–æ°”,æš–æ°”
æˆ¿é—´,æˆ¿é—´
å¤–å¥—,å¤–å¥—
inside,inside
è¦å­¦,è¦å­¦
å¸¦ä¸Š,å¸¦ä¸Š
å¤¸å¼ ,å¤¸å¼ 
å‡ç«æ¯›,å‡ç«æ¯›
å­¦ä¸,å­¦ä¸
é€‚åˆ,é€‚åˆ
å¦†,å¦†
äººä¼š,äººä¼š
ur,ur
å®é™…ä¸Š,å®é™…ä¸Š
imessage,imessage
å¤§æ®µ,å¤§æ®µ
äººå›,äººå›
è¾©è§£,è¾©è§£
è„‘å­é‡Œ,è„‘å­é‡Œ
æ‹¼å‘½,æ‹¼å‘½
æœç´¢,æœç´¢
è¿˜ä¼š,è¿˜ä¼š
nerdy,nerdy
quietï¼Œur,quietï¼Œur
participating,participating
å¤©çŸ¥é“,å¤©çŸ¥é“
æ¯è¯­,æ¯è¯­
åŒèƒ,åŒèƒ
é,é
å»,å»
ä¸ç¦,ä¸ç¦
æ„Ÿæ…¨,æ„Ÿæ…¨
ã€‚ã€‚ã€‚,ã€‚ã€‚ã€‚
å…¬å¹³,å…¬å¹³
ä¸€éƒ¨åˆ†,ä¸€éƒ¨åˆ†
é“ºè·¯,é“ºè·¯
ç«–èµ·,ç«–èµ·
é«˜å¢™,é«˜å¢™
ç²¾ç¥çŠ¶æ€,ç²¾ç¥çŠ¶æ€
è‡ªç”±,è‡ªç”±
è¯´å®è¯,è¯´å®è¯
å¾ˆå¤šå¹´,å¾ˆå¤šå¹´
è¿‡ä¼š,è¿‡ä¼š
æ‹¥æœ‰,æ‹¥æœ‰
å•ä¸€,å•ä¸€
ï¼Œ14,ï¼Œ14
äº¿,äº¿
äººä¸­,äººä¸­
10.92,10.92
ç½‘æ°‘,ç½‘æ°‘
äººå£,äººå£
æ•ˆåº”,æ•ˆåº”
æ— å¯æ¯”æ‹Ÿ,æ— å¯æ¯”æ‹Ÿ
å¤šäºº,å¤šäºº
åšä¸»,åšä¸»
äº’è”ç½‘,äº’è”ç½‘
ä»ä¸šè€…,ä»ä¸šè€…
ç»å°½è„‘æ±,ç»å°½è„‘æ±
åˆ›é€ ,åˆ›é€ 
æŠ“ä½,æŠ“ä½
å¯æƒ³è€ŒçŸ¥,å¯æƒ³è€ŒçŸ¥
æµ“ç¼©,æµ“ç¼©
åå‡ äº¿,åå‡ äº¿
æ´»è·ƒ,æ´»è·ƒ
ä¸¤å¹´,ä¸¤å¹´
å¤©å®˜èµç¦,å¤©å®˜èµç¦
æ„è¯†,æ„è¯†
æœ‰å¤ªå¤š,æœ‰å¤ªå¤š
å±‚é¢,å±‚é¢
ä¸€æ— æ‰€çŸ¥,ä¸€æ— æ‰€çŸ¥
ç«äº‰,ç«äº‰
æ¿€çƒˆ,æ¿€çƒˆ
ç½‘ç»œå°è¯´,ç½‘ç»œå°è¯´
æ— æ•°,æ— æ•°
ä»¥çŸ­,ä»¥çŸ­
ä¸ºç”Ÿ,ä¸ºç”Ÿ
åˆ›ä½œè€…,åˆ›ä½œè€…
æµè¡Œ,æµè¡Œ
ä¸€å‘¨,ä¸€å‘¨
æ›´è¿­,æ›´è¿­
ä¸¤ä¸‰æ¬¡,ä¸¤ä¸‰æ¬¡
æ”»å‡»åŠ›,æ”»å‡»åŠ›
è¶…å¼º,è¶…å¼º
éª‚äºº,éª‚äºº
memeã€‚,memeã€‚
äº§å‡º,äº§å‡º
å›½é™…åŒ–,å›½é™…åŒ–
ä¼ æŠ¥,ä¼ æŠ¥
æ–‡ç§‘ç”Ÿ,æ–‡ç§‘ç”Ÿ
å°±ä¸š,å°±ä¸š
è§£å†³,è§£å†³
æ­å»º,æ­å»º
ä½¿ç”¨è€…,ä½¿ç”¨è€…
æœåŠ¡,æœåŠ¡
æ¬è¿,æ¬è¿
è½¬æ¢,è½¬æ¢
å››å¹´,å››å¹´
è¿‘å‡ ä¸ªæœˆ,è¿‘å‡ ä¸ªæœˆ
è¾—è½¬,è¾—è½¬
å¤©å ‚,å¤©å ‚
ç›¸æ¯”,ç›¸æ¯”
å¹…å‘˜è¾½é˜”,å¹…å‘˜è¾½é˜”
äººå£ä¼—å¤š,äººå£ä¼—å¤š
å¤–ç•Œ,å¤–ç•Œ
åœŸåœ°,åœŸåœ°
ä»£ä»·,ä»£ä»·
å¯¼è‡´,å¯¼è‡´
åè§,åè§
æ„¤æ€’,æ„¤æ€’
æ¨æ„,æ¨æ„
éœ‡æƒŠ,éœ‡æƒŠ
é«˜æ˜‚,é«˜æ˜‚
èµ‹ç¨,èµ‹ç¨
ä¸åˆç†,ä¸åˆç†
å°è´¹,å°è´¹
æ»¥ç”¨,æ»¥ç”¨
éšå¤„å¯è§,éšå¤„å¯è§
æ¯’å“,æ¯’å“
ç®¡åˆ¶,ç®¡åˆ¶
æªæ”¯,æªæ”¯
è´·æ¬¾,è´·æ¬¾
æå‰,æå‰
æ¶ˆè´¹,æ¶ˆè´¹
é€æ”¯,é€æ”¯
é‡‘é’±,é‡‘é’±
å¥½å‡ ä»½,å¥½å‡ ä»½
å·¥,å·¥
æ”¯æ’‘,æ”¯æ’‘
æœ€æœ€,æœ€æœ€
éš¾ä»¥,éš¾ä»¥
ç‰›è‚‰,ç‰›è‚‰
æ³¨å°„,æ³¨å°„
ç”Ÿé•¿æ¿€ç´ ,ç”Ÿé•¿æ¿€ç´ 
çŒªè‚‰,çŒªè‚‰
ç˜¦è‚‰ç²¾,ç˜¦è‚‰ç²¾
ä¸­æœ‰,ä¸­æœ‰
å„¿ç«¥,å„¿ç«¥
æ‚£æœ‰,æ‚£æœ‰
adhd,adhd
è‰²ç´ ,è‰²ç´ 
é’å°‘å¹´,é’å°‘å¹´
å¸æ¯’,å¸æ¯’
ç”Ÿå‘½,ç”Ÿå‘½
ä¿éšœ,ä¿éšœ
åƒæ˜¯,åƒæ˜¯
äººä¸º,äººä¸º
æ‰“é€ ,æ‰“é€ 
å¹»è±¡,å¹»è±¡
ä¿¡ä»°,ä¿¡ä»°
å£å·,å£å·
åŠªåŠ›å®ç°,åŠªåŠ›å®ç°
ç°å®,ç°å®
æˆæœ¬,æˆæœ¬
éš¾ä»¥æƒ³è±¡,éš¾ä»¥æƒ³è±¡
å‹åŠ›,å‹åŠ›
ä¹‹ä¸‹,ä¹‹ä¸‹
å»ºæ„,å»ºæ„
è‡ªä¿¡,è‡ªä¿¡
ä¹‹ä¸Š,ä¹‹ä¸Š
ä¼˜è¶Šæ„Ÿ,ä¼˜è¶Šæ„Ÿ
å¯æ€•,å¯æ€•
tiktokrefugee2024,tiktokrefugee2024
ä¸å»,ä¸å»
lemon8ï¼Ÿ,lemon8ï¼Ÿ
æ—©å°±,æ—©å°±
æˆåŠŸ,æˆåŠŸ
åæ§½,åæ§½
lemon8,lemon8
æ‚äº¤,æ‚äº¤
seems,seems
opening,opening
hybrid,hybrid
â€”â€”â€”â€”â€”â€”â€”â€”â€”â€”â€”â€”â€”-,â€”â€”â€”â€”â€”â€”â€”â€”â€”â€”â€”â€”â€”-
æ›´æ–°,æ›´æ–°
ä¿©,ä¿©
è¿™æ³¢,è¿™æ³¢
æµé‡,æµé‡
ç¨³,ç¨³
gon,gon
haha,haha
translateğŸ˜­ğŸ˜­ğŸ˜­,translateğŸ˜­ğŸ˜­ğŸ˜­
tiktokr_refuge,tiktokr_refuge
æé—®,æé—®
æ—©æœŸ,æ—©æœŸ
åˆ†æ,åˆ†æ
é€å½»,é€å½»
ç§°èµ,ç§°èµ
ç¤¾ç¾¤,ç¤¾ç¾¤
éšæ‰‹,éšæ‰‹
æ¦‚æ‹¬,æ¦‚æ‹¬
è¿å°±,è¿å°±
privilegeï¼Œ,privilegeï¼Œ
è®¤å¯,è®¤å¯
è§‚å¿µ,è§‚å¿µ
æ½œæ„è¯†,æ½œæ„è¯†
å¯¹æ­¤,å¯¹æ­¤
åæ„Ÿ,åæ„Ÿ
æ„å»º,æ„å»º
å‘ç”Ÿå˜åŒ–,å‘ç”Ÿå˜åŒ–
å¤©ç„¶,å¤©ç„¶
å¼•å‘,å¼•å‘
ç„¦è™‘,ç„¦è™‘
å¿ƒç†å­¦,å¿ƒç†å­¦
è¯†åˆ«,è¯†åˆ«
ç¼“è§£,ç¼“è§£
å‘å¸–,å‘å¸–
æ¢è®¨,æ¢è®¨
è¿‡å,è¿‡å
ä¸é€‚,ä¸é€‚
ui,ui
è®¾è®¡,è®¾è®¡
æ·±åˆ»,æ·±åˆ»
ä¼˜åŒ–,ä¼˜åŒ–
æ¨ªå‘,æ¨ªå‘
ç©ºé—´,ç©ºé—´
å°‘,å°‘
é¢‘ç¹,é¢‘ç¹
æ¢è¡Œ,æ¢è¡Œ
é˜…è¯»,é˜…è¯»
ä¹ æƒ¯,ä¹ æƒ¯
çƒ¦èº,çƒ¦èº
ä¸€ç‚¹,ä¸€ç‚¹
å¥½ç©,å¥½ç©
ä¸å¿«,ä¸å¿«
æ­¤ç±»,æ­¤ç±»
è¿˜å¥½,è¿˜å¥½
æˆ‘ç®¡,æˆ‘ç®¡
å®½,å®½
æ°‘æ—,æ°‘æ—
é˜´é˜³,é˜´é˜³
è«åå…¶å¦™,è«åå…¶å¦™
æ‰¾ä¸ª,æ‰¾ä¸ª
å‡ºå£,å‡ºå£
æ¨ç‰¹ä¸Š,æ¨ç‰¹ä¸Š
å§”å±ˆ,å§”å±ˆ
åšé“,åšé“
ç¬‘,ç¬‘
åœä¸ä¸‹æ¥,åœä¸ä¸‹æ¥
ğŸš—,ğŸš—
drive,drive
countryï¼Ÿhow,countryï¼Ÿhow
æ™’æ™’,æ™’æ™’
ä¸ªæ€§åŒ–,ä¸ªæ€§åŒ–
è£…æ‰®,è£…æ‰®
æœ¬å‘¨,æœ¬å‘¨
é‡å¼€,é‡å¼€
æ€§è´¨,æ€§è´¨
æ‡‰è©²,æ‡‰è©²
èµ°,èµ°
tiktokre,tiktokre
å°ç¦,å°ç¦
èšé›†,èšé›†
æ”¶å…¥,æ”¶å…¥
å¼€æ”¯,å¼€æ”¯
ä»½å·¥,ä»½å·¥
è´Ÿæ‹…,è´Ÿæ‹…
ç»“è®º,ç»“è®º
äººè¿‡,äººè¿‡
å¾ˆæƒ¨,å¾ˆæƒ¨
è´¨é‡,è´¨é‡
æ€œæ‚¯,æ€œæ‚¯
æ°´å¹³,æ°´å¹³
å‘å±•ä¸­å›½å®¶,å‘å±•ä¸­å›½å®¶
å±…æ°‘,å±…æ°‘
å‘è¾¾å›½å®¶,å‘è¾¾å›½å®¶
ttrefugeeï»¿,ttrefugeeï»¿
å¯¹è´¦,å¯¹è´¦
money,money
chinağŸ‡¨ğŸ‡³,chinağŸ‡¨ğŸ‡³
æ³æ±‚,æ³æ±‚
ä¸æ˜,ä¸æ˜
è®¨åŒ,è®¨åŒ
éœ¸å ,éœ¸å 
å…³ä¹,å…³ä¹
å‡ åå¹´,å‡ åå¹´
èˆ†è®º,èˆ†è®º
éœ¸æƒ,éœ¸æƒ
å„æ–­,å„æ–­
ã€‚x,ã€‚x
ç½•è§,ç½•è§
æ‰”,æ‰”
ä¸é—ä½™åŠ›,ä¸é—ä½™åŠ›
æ— è€»,æ— è€»
ç²—é²,ç²—é²
åŠé€€,åŠé€€
çˆ±å›½,çˆ±å›½
äººè¯·,äººè¯·
åŠ¡å¿…,åŠ¡å¿…
æ–‡æ˜,æ–‡æ˜
ç–¯ç‹‚,ç–¯ç‹‚
æƒ³è¿‡,æƒ³è¿‡
facebook,facebook
èƒŒå,èƒŒå
åŒ…æ‹¬,åŒ…æ‹¬
é©¬å…‹,é©¬å…‹
æ‰å…‹,æ‰å…‹
ä¼¯æ ¼,ä¼¯æ ¼
ğŸ‡ºğŸ‡¸zf,ğŸ‡ºğŸ‡¸zf
è…è´¥,è…è´¥
æŒæ§,æŒæ§
æ‰‹ä¸­,æ‰‹ä¸­
èŠ±,èŠ±
ç™¾ä¸‡,ç™¾ä¸‡
æ¸¸è¯´,æ¸¸è¯´
è®®ä¼š,è®®ä¼š
ç¦æ‰,ç¦æ‰
æœ¬è´¨,æœ¬è´¨
åå,åå
éœ¸æƒä¸»ä¹‰,éœ¸æƒä¸»ä¹‰
ä¸æ„¿,ä¸æ„¿
æ¥æ”¶,æ¥æ”¶
ä¸åˆ©,ä¸åˆ©
ä¸¾ä¸ª,ä¸¾ä¸ª
ä¾‹å­,ä¾‹å­
ï¼Œluigi,ï¼Œluigi
åˆºè,åˆºè
è”åˆ,è”åˆ
ceoï¼Œ,ceoï¼Œ
ä¸€è¾¹å€’,ä¸€è¾¹å€’
luigiï¼Œ,luigiï¼Œ
è®²è¯,è®²è¯
åˆ†é‡,åˆ†é‡
æˆ–è€…è¯´,æˆ–è€…è¯´
å…¶ä»–è½¯ä»¶,å…¶ä»–è½¯ä»¶
å¯Œäºº,å¯Œäºº
æ‚„æ‚„è¯,æ‚„æ‚„è¯
æ‰¿æ‹…,æ‰¿æ‹…
åŒ»ç–—,åŒ»ç–—
è´¹ç”¨,è´¹ç”¨
åŒ»ä¿,åŒ»ä¿
æ‹’ä¿,æ‹’ä¿
å¸¸æ€,å¸¸æ€
æˆ‘åˆ·,æˆ‘åˆ·
è­¦å¯Ÿ,è­¦å¯Ÿ
èƒŒè´Ÿ,èƒŒè´Ÿ
200w,200w
ç¾é‡‘,ç¾é‡‘
å€ºåŠ¡,å€ºåŠ¡
æ’,æ’
ç®¡å­,ç®¡å­
æ‹’èµ”,æ‹’èµ”
æ‹”ç®¡,æ‹”ç®¡
æ‰‹æœ¯,æ‰‹æœ¯
åªèƒ½é ,åªèƒ½é 
ç»´ç”Ÿ,ç»´ç”Ÿ
ææ‰,ææ‰
ç”Ÿè·¯,ç”Ÿè·¯
äº‹æ˜¯,äº‹æ˜¯
æ ¹æº,æ ¹æº
ç™¾å¹´,ç™¾å¹´
ç°çŠ¶,ç°çŠ¶
è½¬æŠ˜,è½¬æŠ˜
luigi,luigi
â†’tiktok,â†’tiktok
è¿›ä¸€æ­¥,è¿›ä¸€æ­¥
æ¿€æ€’,æ¿€æ€’
é“ºå¤©ç›–åœ°,é“ºå¤©ç›–åœ°
å›½é™…èˆ†è®º,å›½é™…èˆ†è®º
ä¸€å¤§,ä¸€å¤§
åœ¨ä¸–ç•Œä¸Š,åœ¨ä¸–ç•Œä¸Š
è¯è¯­æƒ,è¯è¯­æƒ
å›ºæœ‰,å›ºæœ‰
æ¶ˆé™¤,æ¶ˆé™¤
è¥¿æ–¹,è¥¿æ–¹
çŒè¾“,çŒè¾“
å…ˆè·‘,å…ˆè·‘
æŸå‰,æŸå‰
æ’­æ”¾,æ’­æ”¾
ï¼ŒğŸ™ğŸ»,ï¼ŒğŸ™ğŸ»
å…¨çƒåŒ–,å…¨çƒåŒ–
ç°æœ‰,ç°æœ‰
æ±‚,æ±‚
æ”¾è¿‡,æ”¾è¿‡
ä¸è‰¯,ä¸è‰¯
å¯¼å‘,å¯¼å‘
é¦–é¡µ,é¦–é¡µ
group,group
usually,usually
except,except
ğŸ¶ğŸ¶,ğŸ¶ğŸ¶
already,already
é›£æ°‘,é›£æ°‘
é…·é›†åœ˜,é…·é›†åœ˜
å½±ç‰‡,å½±ç‰‡
ä¸é‡‹,ä¸é‡‹
å‡ºå…§å®¹,å‡ºå…§å®¹
å·²ç¶“,å·²ç¶“
å–œæ­¡,å–œæ­¡
é€™è£¡,é€™è£¡
ğŸ«¶ğŸ¼ğŸ«¶ğŸ¼ğŸ«¶ğŸ¼,ğŸ«¶ğŸ¼ğŸ«¶ğŸ¼ğŸ«¶ğŸ¼
å¹²éƒ¨,å¹²éƒ¨
é£,é£
è„±å£ç§€,è„±å£ç§€
æ¼”å‘˜,æ¼”å‘˜
1ï¸âƒ£,1ï¸âƒ£
æ’æ–¥,æ’æ–¥
refugeeï¼Ÿ,refugeeï¼Ÿ
åœˆå­,åœˆå­
æ€§æ ¼,æ€§æ ¼
å‘†,å‘†
ä¹…,ä¹…
èä¸ºä¸€ä½“,èä¸ºä¸€ä½“
èåœ¨,èåœ¨
è´¹åŠ›,è´¹åŠ›
åŠ¨è„‘,åŠ¨è„‘
å¿ƒæƒ…,å¿ƒæƒ…
è€å®¶,è€å®¶
ç–²äº,ç–²äº
æŒ¤å ,æŒ¤å 
å¤ªéš¾å—,å¤ªéš¾å—
è§†,è§†
ğŸ—¡ï¸,ğŸ—¡ï¸
2ï¸âƒ£,2ï¸âƒ£
å‘å±•,å‘å±•
æ³¨å®š,æ³¨å®š
ç»Ÿä¸€,ç»Ÿä¸€
ç®¡ç†,ç®¡ç†
åŒ,åŒ
æ ‡çš„,æ ‡çš„
ç°è±¡,ç°è±¡
banï¼Œ,banï¼Œ
æ•æ•è¯,æ•æ•è¯
åšåšä¸»,åšåšä¸»
xianliu,xianliu
â•ã€‚,â•ã€‚
æ¨,æ¨
å¤šä¸ª,å¤šä¸ª
ç”Ÿå­˜,ç”Ÿå­˜
å¤ªå¤§,å¤ªå¤§
ğŸ ,ğŸ 
æ•æ•,æ•æ•
å¼•æ“,å¼•æ“
å‡†ç¡®,å‡†ç¡®
æ ‡å‡†,æ ‡å‡†
éå¸¸å°‘,éå¸¸å°‘
æˆ,æˆ
ta,ta
å›½,å›½
å¤–äº¤,å¤–äº¤
å¯ä¸,å¯ä¸
è¯¥ç”¨,è¯¥ç”¨
ğŸ»,ğŸ»
éœ²,éœ²
ğŸï¼Ÿ,ğŸï¼Ÿ
åŒæ ‡,åŒæ ‡
3ï¸âƒ£,3ï¸âƒ£
æ¨ç®¡,æ¨ç®¡
æœ¬æ¥,æœ¬æ¥
å›½é™…,å›½é™…
å›½ç±,å›½ç±
åœˆåœ°,åœˆåœ°
è‡ªèŒ,è‡ªèŒ
å¤–æ–‡,å¤–æ–‡
ç†æ‰€åº”å½“,ç†æ‰€åº”å½“
ä¸è¯´,ä¸è¯´
å±åœ°,å±åœ°
digital,digital
public,public
åˆ«æ€ª,åˆ«æ€ª
æ‚¬ç€,æ‚¬ç€
ç»ˆäº,ç»ˆäº
æ­»,æ­»
æ¾³æ´²,æ¾³æ´²
æŠ¤å£«,æŠ¤å£«
å……æ–¥,å……æ–¥
æµ·å•¸,æµ·å•¸
æ’åœ¨,æ’åœ¨
æ²™æ»©,æ²™æ»©
è´å£³,è´å£³
ğŸš,ğŸš
åˆ®å¾—,åˆ®å¾—
éä½“é³ä¼¤,éä½“é³ä¼¤
ig,ig
æ“¦è¾¹,æ“¦è¾¹
å²Œå²Œå¯å±,å²Œå²Œå¯å±
æƒ¨,æƒ¨
å¥½ç¬‘,å¥½ç¬‘
ç®¡ä¸äº†,ç®¡ä¸äº†
ohio,ohio
ğŸ‡ºğŸ‡¸who,ğŸ‡ºğŸ‡¸who
nationalğŸ‡¨ğŸ‡³,nationalğŸ‡¨ğŸ‡³
ä¿„äº¥ä¿„å·,ä¿„äº¥ä¿„å·
åŠ åˆ©ç¦å°¼äºš,åŠ åˆ©ç¦å°¼äºš
ç»“å©š,ç»“å©š
americanlife,americanlife
å©šå§»,å©šå§»
èƒ½åˆ·,èƒ½åˆ·
è¯´è¶…,è¯´è¶…
é€†æ°´,é€†æ°´
å¯’,å¯’
èƒ†å¤§,èƒ†å¤§
æ–°æ˜¥,æ–°æ˜¥
æµ“åº¦,æµ“åº¦
æ‹‰æ»¡,æ‹‰æ»¡
å›½é£,å›½é£
ä½“éªŒ,ä½“éªŒ
é€›é€›,é€›é€›
å¤é£,å¤é£
å°é•‡,å°é•‡
ä¼ ç»Ÿ,ä¼ ç»Ÿ
æœé¥°,æœé¥°
é…·é…·,é…·é…·
ç©å®¶,ç©å®¶
foreigners/tt,foreigners/tt
saying,saying
celebrate,celebrate
bold,bold
idea,idea
fully,fully
immersed,immersed
traditional,traditional
stroll,stroll
ancient-style,ancient-style
towns,towns
wear,wear
clothing,clothing
net-friends,net-friends
â™¦ï¸,â™¦ï¸
å‡ å¼ ,å‡ å¼ 
å›¾,å›¾
ä»‹ç»,ä»‹ç»
å¹´å‘³,å¹´å‘³
æ»¡æ»¡,æ»¡æ»¡
çƒŸèŠ±,çƒŸèŠ±
ğŸ†,ğŸ†
èˆç‹®,èˆç‹®
èˆé¾™,èˆé¾™
ğŸ‰,ğŸ‰
å‡èµ·,å‡èµ·
è®¸æ„¿,è®¸æ„¿
ç¯,ç¯
ğŸ®,ğŸ®
æ­Œèˆ,æ­Œèˆ
è¡¨æ¼”,è¡¨æ¼”
ğŸ‰,ğŸ‰
é›†å¸‚,é›†å¸‚
è›‡,è›‡
é™å®š,é™å®š
å¿ƒå¢ƒ,å¿ƒå¢ƒ
å‰§æƒ…,å‰§æƒ…
è§’è‰²,è§’è‰²
æŒº,æŒº
å¥½çœ‹,å¥½çœ‹
è¶…,è¶…
å¤šå¥—,å¤šå¥—
4-11ï¼‰,4-11ï¼‰
åº„å›­,åº„å›­
ç³»ç»Ÿ,ç³»ç»Ÿ
å¸ƒç½®,å¸ƒç½®
å®¶å›­,å®¶å›­
â£ï¸,â£ï¸
è¿‡ä¸ª,è¿‡ä¸ª
è¶…æ£’è¶…,è¶…æ£’è¶…
å®Œç¾,å®Œç¾
èµ›åš,èµ›åš
gamingcontent,gamingcontent
gamingmoments,gamingmoments
horse,horse
likes,likes
self,self
care,care
critters,critters
baking,baking
gross,gross
alternative,alternative
ğŸ¤¦â€â™€ï¸,ğŸ¤¦â€â™€ï¸
ill,ill
note/,note/
hk,hk
yunnan,yunnan
guizhou,guizhou
guider,guider
ttban,ttban
tiltok,tiltok
ğŸˆ²,ğŸˆ²
æˆ‘å›½,æˆ‘å›½
å‰²èˆ,å‰²èˆ
å¼‚å†›çªèµ·,å¼‚å†›çªèµ·
è¿é€š,è¿é€š
æ‰“é€š,æ‰“é€š
èˆ‡,èˆ‡
æ¥è»Œ,æ¥è»Œ
ï¼ˆet,ï¼ˆet
æ‰‹æŒ‡,æ‰‹æŒ‡
è§¦ç¢°,è§¦ç¢°
æœ¬è¯¥,æœ¬è¯¥
å¹´å‰,å¹´å‰
ä¹Œæ‰˜é‚¦,ä¹Œæ‰˜é‚¦
2025,2025
å”¯ä¸€æ€§,å”¯ä¸€æ€§
trump,trump
å»ºäº¤,å»ºäº¤
è¯¾æœ¬,è¯¾æœ¬
å¯¹è¯,å¯¹è¯
delay20,delay20
çš†,çš†
æ·±è¿œ,æ·±è¿œ
ç–‘é—®,ç–‘é—®
kaidenã€‚,kaidenã€‚
è¯·æ•™,è¯·æ•™
å˜å¾—,å˜å¾—
æœ‰å,æœ‰å
ç‚¹å­,ç‚¹å­
å¬è¯,å¬è¯
ä¹–å·§,ä¹–å·§
ç½‘çº¢,ç½‘çº¢
æ­£å¤ª,æ­£å¤ª
æ­å­,æ­å­
ç»…å£«,ç»…å£«
åƒæ’­,åƒæ’­
ç®—æ˜¯,ç®—æ˜¯
ä¸­è¥¿åˆç’§,ä¸­è¥¿åˆç’§
é—­å…³é”å›½,é—­å…³é”å›½
çœ‹ä¸åˆ°,çœ‹ä¸åˆ°
ç½‘ç«™,ç½‘ç«™
expectations,expectations
f4f,f4f
college,college
latina,latina
ayyyy,ayyyy
listen,listen
artists,artists
laufey,laufey
keshi,keshi
w2e,w2e
tyler,tyler
tc,tc
groups,groups
etc,etc
loveeeeee,loveeeeee
shows,shows
twd,twd
arcane,arcane
kdramas,kdramas
rec,rec
planning,planning
pc,pc
overwatch,overwatch
dbd,dbd
mr,mr
fortnite,fortnite
tags/,tags/
çº¯æ­£,çº¯æ­£
films,films
prefer,prefer
dubs,dubs
movie,movie
tv,tv
ç”µå½±,ç”µå½±
xhsï¼,xhsï¼
introducing,introducing
upstate,upstate
chineseğŸ‡¨ğŸ‡³don,chineseğŸ‡¨ğŸ‡³don
çœ‹å¾…,çœ‹å¾…
å‰åœåŠ›,å‰åœåŠ›
å·¥ä½œå®¤,å·¥ä½œå®¤
åšå«,åšå«
è§’è‰²æ‰®æ¼”,è§’è‰²æ‰®æ¼”
cosplayer,cosplayer
å®é™…æ“ä½œ,å®é™…æ“ä½œ
ï¼Œtiktok,ï¼Œtiktok
å–,å–
ï¼Œ18-19,ï¼Œ18-19
æŠ•æµ,æŠ•æµ
roi,roi
å›æŠ¥,å›æŠ¥
ã€‚20,ã€‚20
å›æ¥,å›æ¥
çˆ†æ¬¾,çˆ†æ¬¾
ç†„ç«,ç†„ç«
å›æŠ¥ç‡,å›æŠ¥ç‡
è·Œå€’,è·Œå€’
å¦¥å¦¥,å¦¥å¦¥
ç¾æ–¹,ç¾æ–¹
æ§è‚¡,æ§è‚¡
åå¤§,åå¤§
è‚¡ä¸œ,è‚¡ä¸œ
35,35
èµ„æœ¬,èµ„æœ¬
å­—èŠ‚,å­—èŠ‚
40,40
èµ·ç ,èµ·ç 
30,30
åŸºé‡‘,åŸºé‡‘
çº¦ç­‰äº,çº¦ç­‰äº
å–å¤š,å–å¤š
è‚¡ä»½,è‚¡ä»½
ç­‰äº,ç­‰äº
è¶…è¿‡,è¶…è¿‡
å†…å¹•,å†…å¹•
ç»†èŠ‚,ç»†èŠ‚
å•†å®¶,å•†å®¶
ads,ads
æ–­å®š,æ–­å®š
å˜,å˜
è‚¡æƒ,è‚¡æƒ
æ“æ§,æ“æ§
æƒæœ‰,æƒæœ‰
å˜åŠ¨,å˜åŠ¨
stopped,stopped
working,working
russia,russia
detours,detours
helping,helping
fine,fine
evening,evening
åœæ­¢,åœæ­¢
ä¿„ç½—æ–¯,ä¿„ç½—æ–¯
å¼¯è·¯,å¼¯è·¯
å¤§ç½‘,å¤§ç½‘
çº¢,çº¢
æ— è§†,æ— è§†
é£æ°´,é£æ°´
è½®æµè½¬,è½®æµè½¬
æ— è®ºæ˜¯,æ— è®ºæ˜¯
å¤–è²Œ,å¤–è²Œ
å¹³å‡¡,å¹³å‡¡
æ‡’å¾—,æ‡’å¾—
blogger,blogger
æ¢—å›¾,æ¢—å›¾
å‘äº†,å‘äº†
ä¸€ä¸Šåˆ,ä¸€ä¸Šåˆ
ç–¯,ç–¯
å›½åˆ«,å›½åˆ«
ç«‹åœº,ç«‹åœº
chiense,chiense
international,international
douyin,douyin
ç‰¹è´¨,ç‰¹è´¨
æ½®,æ½®
æ·±åº¦,æ·±åº¦
é«˜åº¦,é«˜åº¦
æ€€ç–‘,æ€€ç–‘
ç­”æ¡ˆ,ç­”æ¡ˆ
å¦å®š,å¦å®š
è¿™åœº,è¿™åœº
ç‹‚æ¬¢,ç‹‚æ¬¢
colonization,colonization
åŒºåˆ«,åŒºåˆ«
colonizer,colonizer
å† ä»¥,å† ä»¥
è½»æ˜“,è½»æ˜“
æ”¾å¼€,æ”¾å¼€
ä¸¤å‘¨,ä¸¤å‘¨
å«Œå¼ƒ,å«Œå¼ƒ
ä»¿ç…§,ä»¿ç…§
æ”¹ç‰ˆ,æ”¹ç‰ˆ
å”¾å¼ƒ,å”¾å¼ƒ
æŠ„è¢­,æŠ„è¢­
æˆå‰§æ€§,æˆå‰§æ€§
æ—¶åˆ»,æ—¶åˆ»
æ­£é¢,æ­£é¢
é‡,é‡
è¿·å› ,è¿·å› 
åˆ«æƒ³,åˆ«æƒ³
çŸ¥è¯†äº§æƒ,çŸ¥è¯†äº§æƒ
çº¯å‡€,çº¯å‡€
è¿½æ±‚,è¿½æ±‚
åæ€,åæ€
å½“å°çº¢ä¹¦,å½“å°çº¢ä¹¦
ä¸€å¤œä¹‹é—´,ä¸€å¤œä¹‹é—´
ğŸ§±,ğŸ§±
èŠ¬èŠ³,èŠ¬èŠ³
éš”ç»,éš”ç»
å¤ªä¹…,å¤ªä¹…
å¿˜è®°,å¿˜è®°
é•¿,é•¿
æ­£å› å¦‚æ­¤,æ­£å› å¦‚æ­¤
ä¸‹æ„è¯†,ä¸‹æ„è¯†
å®šä¹‰,å®šä¹‰
é¢†åœŸ,é¢†åœŸ
æŸä¸€,æŸä¸€
è´¢äº§,è´¢äº§
æ³•åº­,æ³•åº­
æ•™ç¨‹,æ•™ç¨‹
è¿·èŒ«,è¿·èŒ«
å¢ƒå¤–,å¢ƒå¤–
æ‰‹æœºå·,æ‰‹æœºå·
æ³¨å†Œ,æ³¨å†Œ
å¹¸ç¾ä¹ç¥¸,å¹¸ç¾ä¹ç¥¸
æ€»ç®—,æ€»ç®—
ä½“ä¼š,ä½“ä¼š
ä¸€æŠŠ,ä¸€æŠŠ
æœ€åˆ,æœ€åˆ
settle,settle
æœˆ,æœˆ
ç”Ÿæ¶©,ç”Ÿæ¶©
å°æ—¶å€™,å°æ—¶å€™
è¯¾æœ¬ä¸Š,è¯¾æœ¬ä¸Š
è‡ªå‘,è‡ªå‘
æ¸´æœ›,æ¸´æœ›
ä¿æœ‰,ä¿æœ‰
æƒ…å¢ƒ,æƒ…å¢ƒ
ç®€ä½“ä¸­æ–‡,ç®€ä½“ä¸­æ–‡
ä¹å‘µå‘µ,ä¹å‘µå‘µ
åœ°ç”¨,åœ°ç”¨
äººç±»å­¦,äººç±»å­¦
è§‚å¯Ÿ,è§‚å¯Ÿ
æ€åº¦,æ€åº¦
æ‘‡æ‘†,æ‘‡æ‘†
è¿™ç¯‡,è¿™ç¯‡
æ··æ‚,æ··æ‚
00,00
å¹´ä»£,å¹´ä»£
æƒ³å¿µ,æƒ³å¿µ
é»„é‡‘,é»„é‡‘
çœ¼çœ¶,çœ¼çœ¶
å‘é…¸,å‘é…¸
æ”¾ä¸‹,æ”¾ä¸‹
ä¸¥è‚ƒ,ä¸¥è‚ƒ
éšå¿ƒ,éšå¿ƒ
ï¼Œwhy,ï¼Œwhy
seriousï¼Ÿ,seriousï¼Ÿ
èŠ¬å…°,èŠ¬å…°
1.13,1.13
å…«ç‚¹,å…«ç‚¹
è½åœ°,è½åœ°
ç¬¨äºº,ç¬¨äºº
æƒ¯ä¾‹,æƒ¯ä¾‹
å¾®ä¿¡,å¾®ä¿¡
æ¸…ç†,æ¸…ç†
åè¯è§£é‡Š,åè¯è§£é‡Š
è›®æœ‰æ„æ€,è›®æœ‰æ„æ€
ä¸ä»¥ä¸ºç„¶,ä¸ä»¥ä¸ºç„¶
æ¨æµ,æ¨æµ
æ²¡æƒ³åˆ°,æ²¡æƒ³åˆ°
ä¸ƒå…«ç‚¹,ä¸ƒå…«ç‚¹
ã€‚really,ã€‚really
crazyã€‚,crazyã€‚
å‡ ç±»,å‡ ç±»
ä¸€ç±»,ä¸€ç±»
ä¾µå ,ä¾µå 
ç€è¿·,ç€è¿·
ç§‘æ™®,ç§‘æ™®
è§è¯,è§è¯
æ„å‘³,æ„å‘³
è§¦åŠ,è§¦åŠ
çˆ†ç‚¸,çˆ†ç‚¸
æœºé‡,æœºé‡
å±é™©,å±é™©
ä¼šåæ§½,ä¼šåæ§½
é‡ä¸Š,é‡ä¸Š
æ…Œå¼ ,æ…Œå¼ 
å†·é™ä¸‹æ¥,å†·é™ä¸‹æ¥
ç±»å‹,ç±»å‹
æœ‰è¦,æœ‰è¦
æŠµæŠ—,æŠµæŠ—
å¤–æ¥æ–‡åŒ–,å¤–æ¥æ–‡åŒ–
å…¥ä¾µ,å…¥ä¾µ
å„æœ‰,å„æœ‰
å´æ˜¯,å´æ˜¯
å•†ä¸šåˆ©ç›Š,å•†ä¸šåˆ©ç›Š
é£å£,é£å£
æ±‰è¯­è¨€,æ±‰è¯­è¨€
æ–‡å­¦,æ–‡å­¦
è¯»ç ”,è¯»ç ”
é€»è¾‘,é€»è¾‘
è®²,è®²
æ–°å‡ºè·¯,æ–°å‡ºè·¯
è€ƒå…¬è€ƒ,è€ƒå…¬è€ƒ
ç¼–å·,ç¼–å·
ç”Ÿå·,ç”Ÿå·
é‡è¦æ€§,é‡è¦æ€§
ç›´æ’­,ç›´æ’­
æ–‡ç§‘,æ–‡ç§‘
ä¸“ä¸š,ä¸“ä¸š
æ°å‡º,æ°å‡º
èƒ½åŠ›,èƒ½åŠ›
é€‰æ‹©é¢,é€‰æ‹©é¢
å­¦ç§‘,å­¦ç§‘
ç ”ç©¶,ç ”ç©¶
äººæ€§,äººæ€§
å¯“å±…,å¯“å±…
äºåŒ,äºåŒ
äººæ–‡ç¯å¢ƒ,äººæ–‡ç¯å¢ƒ
é¢å‘,é¢å‘
æŒ‡å‘,æŒ‡å‘
äººè„‰,äººè„‰
èµ„æº,èµ„æº
ä¼˜ç§€,ä¼˜ç§€
äººæ‰,äººæ‰
å¾ˆéš¾,å¾ˆéš¾
çªç ´å£,çªç ´å£
å­¦å¥½,å­¦å¥½
å¹¿é˜”,å¹¿é˜”
æ£±æŸ±,æ£±æŸ±
é¢ä¸é¢,é¢ä¸é¢
è½¬æŠ˜å¤„,è½¬æŠ˜å¤„
å¤§äº,å¤§äº
é‚£å¥è¯,é‚£å¥è¯
èƒ†æ€¯,èƒ†æ€¯
åšä¸äº†,åšä¸äº†
å‘½è¿,å‘½è¿
æ•æ‰‹,æ•æ‰‹
å‡ºè·¯,å‡ºè·¯
åŒ—æ¬§,åŒ—æ¬§
personally,personally
growing,growing
reputation,reputation
äº’åŠ¨,äº’åŠ¨
åå£°ä¸å¥½,åå£°ä¸å¥½
ç®—ä¸ç®—,ç®—ä¸ç®—
coser,coser
lynette,lynette
genshin,genshin
genshinimpact,genshinimpact
ç³å¦®ç‰¹,ç³å¦®ç‰¹
æˆ‘äº¤,æˆ‘äº¤
å­ŸåŠ æ‹‰,å­ŸåŠ æ‹‰
çŒ«è¯­,çŒ«è¯­
ç¡è§‰,ç¡è§‰
æ‰“å‘¼å™œ,æ‰“å‘¼å™œ
ğŸ¥ºğŸ‡¨ğŸ‡³,ğŸ¥ºğŸ‡¨ğŸ‡³
refugeesğŸ‡ºğŸ‡¸,refugeesğŸ‡ºğŸ‡¸
taxğŸ˜¼ğŸ’°,taxğŸ˜¼ğŸ’°
bengal,bengal
marble,marble
:3,:3
å¤§ç†çŸ³,å¤§ç†çŸ³
everybody,everybody
elle,elle
put,put
descriptions,descriptions
wasnt,wasnt
elleï¼Œ,elleï¼Œ
å¼µè²¼,å¼µè²¼
é¤Š,é¤Š
é‚„æœ‰,é‚„æœ‰
åª½åª½,åª½åª½
å…±ç”¨,å…±ç”¨
çš„è²“,çš„è²“
æˆ‘å°‡,æˆ‘å°‡
åœ–ç‰‡,åœ–ç‰‡
æè¿°,æè¿°
è‹±æ–‡ç¿»è¯‘,è‹±æ–‡ç¿»è¯‘
junimoï¼Œ,junimoï¼Œ
mooï¼Œ,mooï¼Œ
å› ç‚º,å› ç‚º
æ™‚,æ™‚
å–µ,å–µ
æ™‚å€™,æ™‚å€™
è½,è½
èµ·ä¾†,èµ·ä¾†
ä¸€é ­,ä¸€é ­
ç‰›,ç‰›
ä¸€å€‹,ä¸€å€‹
ç¶½è™Ÿ,ç¶½è™Ÿ
æ··æ²Œ,æ··æ²Œ
æƒ¡é­”,æƒ¡é­”
ä¸æ‡‰,ä¸æ‡‰
è©²,è©²
å€™,å€™
è£½,è£½
é€ ,é€ 
éº»,éº»
ç…©,ç…©
é¬§,é¬§
ç™½è‰²,ç™½è‰²
ç°è‰²,ç°è‰²
agatha,agatha
cromwellï¼Œ,cromwellï¼Œ
é›»å½±,é›»å½±
halloweentown,halloweentown
ä¸€æ¨£,ä¸€æ¨£
ä¸é,ä¸é
æœ€å¸¸,æœ€å¸¸
ç¨±,ç¨±
ç‚º,ç‚º
aggieã€‚,aggieã€‚
ç•¶æˆ‘å€‘,ç•¶æˆ‘å€‘
ç•¶ä½œ,ç•¶ä½œ
ç—…,ç—…
ç”Ÿé•·,ç”Ÿé•·
æˆ‘å€‘,æˆ‘å€‘
æ°¸ä¹…,æ°¸ä¹…
ravenï¼Œ,ravenï¼Œ
åª½åª½çš„è²“,åª½åª½çš„è²“
raven,raven
åˆä¸ä¾†,åˆä¸ä¾†
æ¯ç•¶,æ¯ç•¶
è©¦åœ–,è©¦åœ–
æŠ±ä½,æŠ±ä½
æœƒ,æœƒ
å¤§å–Šå¤§å«,å¤§å–Šå¤§å«
å”¯ä¸€ä¸€,å”¯ä¸€ä¸€
å‰ª,å‰ª
çˆªå­,çˆªå­
é„°å±…,é„°å±…
æ“”å¿ƒ,æ“”å¿ƒ
ç¶“ç¹³,ç¶“ç¹³
è¶³å¤ ,è¶³å¤ 
æ„Ÿè¬,æ„Ÿè¬
å°,å°
ç©ºé–“,ç©ºé–“
æ¯å€‹,æ¯å€‹
æ­¡è¿,æ­¡è¿
ç¿»è­¯,ç¿»è­¯
ä¸¦ä¸”,ä¸¦ä¸”
æ²’æœ‰,æ²’æœ‰
æˆ‘è©¦,æˆ‘è©¦
è‘—,è‘—
ä»”ç´°,ä»”ç´°
æª¢æŸ¥,æª¢æŸ¥
æˆ‘ç¾,æˆ‘ç¾
åœ‹èª,åœ‹èª
çŸ¥è­˜é‚„,çŸ¥è­˜é‚„
ç„¡è«–,ç„¡è«–
ä½ å€‘,ä½ å€‘
payment,payment
gany,gany
seen,seen
ganyã€‚,ganyã€‚
ä¸“å±,ä¸“å±
æ­Œå•,æ­Œå•
ganyu,ganyu
ã‚³ã‚¹ãƒ—ãƒ¬,ã‚³ã‚¹ãƒ—ãƒ¬
ã‚³ã‚¹ãƒ—ãƒ¬ã‚µãƒŸãƒƒãƒˆ,ã‚³ã‚¹ãƒ—ãƒ¬ã‚µãƒŸãƒƒãƒˆ
mihoyo,mihoyo
daisy,daisy
tiger,tiger
campus,campus
è€è™,è€è™
ç‹—ç¨,ç‹—ç¨
ä»˜çŒ«,ä»˜çŒ«
åŒå€,åŒå€
ca,ca
double,double
ç‹—ç‹—,ç‹—ç‹—
abg,abg
äºšè£”,äºšè£”
è¿™çŒ«,è¿™çŒ«
å†å…»,å†å…»
å®¶ä¸­,å®¶ä¸­
ç”Ÿæ°”,ç”Ÿæ°”
got,got
correct,correct
angry,angry
mio,mio
pippa,pippa
turning,turning
11.,11.
ã€‚mio,ã€‚mio
æˆ‘å¤ªçˆ±,æˆ‘å¤ªçˆ±
bun,bun
mistakes,mistakes
okay,okay
é”™è¯¯,é”™è¯¯
æ•¬è¯·,æ•¬è¯·
è°…è§£,è°…è§£
learned,learned
æ²¡å­¦è¿‡,æ²¡å­¦è¿‡
å‡ºé”™,å‡ºé”™
è§è°…,è§è°…
ğŸ‡¸ğŸ‡ª,ğŸ‡¸ğŸ‡ª
approved,approved
æ‰¹å‡†,æ‰¹å‡†
å¥¶å¥¶,å¥¶å¥¶
çŒé¹°,çŒé¹°
falcon,falcon
refund,refund
è¯·å¤šå…³ç…§,è¯·å¤šå…³ç…§
japanese/american,japanese/american
fluently,fluently
ğŸ™‹â€â™€ï¸ğŸ™†â€â™€ï¸,ğŸ™‹â€â™€ï¸ğŸ™†â€â™€ï¸
å–„å¾…,å–„å¾…
ï¼Ÿï¼ˆ,ï¼Ÿï¼ˆ
ï¾‰,ï¾‰
Ï‰,Ï‰
ï½¡ï½¥,ï½¡ï½¥
:ï½¥ï¾Ÿ,:ï½¥ï¾Ÿ
â˜…,â˜…
:ï½¥ï¾ŸğŸˆ,:ï½¥ï¾ŸğŸˆ
massachusetts,massachusetts
ğŸ‡ºğŸ‡¸ğŸˆ,ğŸ‡ºğŸ‡¸ğŸˆ
é©¬è¨è¯¸å¡å·,é©¬è¨è¯¸å¡å·
anybody,anybody
knows,knows
appreciated,appreciated
ğŸ’•ğŸ’•,ğŸ’•ğŸ’•
æ¯”è°·æ­Œ,æ¯”è°·æ­Œ
ä¸èƒœæ„Ÿæ¿€,ä¸èƒœæ„Ÿæ¿€
white-ish,white-ish
luca,luca
march,march
boston,boston
sparks,sparks
morris,morris
mittens,mittens
parent,parent
house,house
west,west
coast,coast
æ¯›èŒ¸èŒ¸,æ¯›èŒ¸èŒ¸
lucaï¼Œ3,lucaï¼Œ3
æœˆä»½,æœˆä»½
æ³¢å£«é¡¿,æ³¢å£«é¡¿
ï¼ˆsparksã€morris,ï¼ˆsparksã€morris
mittensï¼‰,mittensï¼‰
ä½äº,ä½äº
è¥¿æµ·å²¸,è¥¿æµ·å²¸
å®¶é‡Œ,å®¶é‡Œ
æ•™å¸ˆ,æ•™å¸ˆ
å£«å…µ,å£«å…µ
soldier,soldier
socialize,socialize
è€å…µ,è€å…µ
bunch,bunch
drew,drew
sourdough,sourdough
bread,bread
è¯¥äº¤,è¯¥äº¤
åæœè‡ªè´Ÿ,åæœè‡ªè´Ÿ
else,else
jerry,jerry
jack,jack
appologies,appologies
advance,advance
æ°ç‘,æ°ç‘
æ°å…‹,æ°å…‹
é“æ­‰,é“æ­‰
strange,strange
characters,characters
æˆ‘æƒ³å‘,æˆ‘æƒ³å‘
æ±‰å­—,æ±‰å­—
forigners,forigners
thankfully,thankfully
poor,poor
ä»˜é’±,ä»˜é’±
å¹¸å¥½,å¹¸å¥½
ç”¨è°·æ­Œ,ç”¨è°·æ­Œ
calling,calling
furry,furry
fur,fur
çº¢çš®ä¹¦,çº¢çš®ä¹¦
supposed,supposed
hellooğŸ‘‹ğŸ»,hellooğŸ‘‹ğŸ»
friendsğŸ˜¿,friendsğŸ˜¿
soo,soo
vocational,vocational
highschool,highschool
major,major
engineering,engineering
å¥³,å¥³
é«˜ä¸­ç”Ÿ,é«˜ä¸­ç”Ÿ
èŒé«˜,èŒé«˜
å†…å‘,å†…å‘
è…¼è…†,è…¼è…†
æ–‡é™,æ–‡é™
å°å¥³å­©,å°å¥³å­©
ç•¶,ç•¶
é†‰é…’,é†‰é…’
é–‹å§‹,é–‹å§‹
æ¬ºè² ,æ¬ºè² 
lolita,lolita
å®‰åˆ©,å®‰åˆ©
åœ°ä¸‹,åœ°ä¸‹
å¶åƒ,å¶åƒ
chinağŸ¤”â¤ï¸,chinağŸ¤”â¤ï¸
girls,girls
ğŸ¥ºâ¤ï¸,ğŸ¥ºâ¤ï¸
camo,camo
camouflage,camouflage
american_vintage,american_vintage
blonde,blonde
corset,corset
angel,angel
hai,hai
ã€œâ˜†,ã€œâ˜†
dm,dm
â™¡,â™¡
06,06
foreign_friends,foreign_friends
wonyoungism,wonyoungism
08,08
phone,phone
case,case
german,german
winter,winter
é‡‘çŸ,é‡‘çŸ
åº­,åº­
mutuals/friends,mutuals/friends
ç¾å®¹,ç¾å®¹
ç§˜è¯€,ç§˜è¯€
é£æ ¼,é£æ ¼
åŒå€¦,åŒå€¦
æŒ£æ‰,æŒ£æ‰
æ‰€è¯´,æ‰€è¯´
ä¼¤å®³,ä¼¤å®³
æˆ‘å˜,æˆ‘å˜
ä¸€é¢—,ä¸€é¢—
ç»ç’ƒå¿ƒ,ç»ç’ƒå¿ƒ
ç…§é•œå­,ç…§é•œå­
british,british
style,style
tired,tired
hating,hating
ugly,ugly
become,become
glass,glass
able,able
look,look
mirror,mirror
åŠ,åŠ
glowup,glowup
çˆ†æ”¹,çˆ†æ”¹
æ”¹é€ ,æ”¹é€ 
newhere,newhere
é‡‘å‘,é‡‘å‘
ç¾äºº,ç¾äºº
å¤§åŸå¸‚,å¤§åŸå¸‚
patient,patient
â•°,â•°
Â´ï¸¶,Â´ï¸¶
â•¯â™¡,â•¯â™¡
ä¸€æ®µæ—¶é—´,ä¸€æ®µæ—¶é—´
é™é™åœ°,é™é™åœ°
çœ‹ç€,çœ‹ç€
çŠ¹è±«,çŠ¹è±«
ç•™è¨€,ç•™è¨€
çƒ¹é¥ª,çƒ¹é¥ª
çˆ±å¥½,çˆ±å¥½
europe,europe
quietly,quietly
message,message
cooking,cooking
hobbies,hobbies
ideas,ideas
glow,glow
teens,teens
^âˆ‡^,^âˆ‡^
jae,jae
jaeï¼Œ,jaeï¼Œ
ç›¸æœº,ç›¸æœº
èƒ¶å·,èƒ¶å·
instagram/tiktok,instagram/tiktok
id,id
ripped,ripped
apparently,apparently
ğŸ˜,ğŸ˜
newjeans,newjeans
enhypen,enhypen
engene,engene
cleanest,cleanest
metro,metro
â“œï¸âœ¨,â“œï¸âœ¨
æ‘¸ç‰¹,æ‘¸ç‰¹
ä¸Šæµ·,ä¸Šæµ·
frenchgirl,frenchgirl
girlsnight,girlsnight
tori,tori
poland,poland
pen-pals,pen-pals
ç¬”å‹,ç¬”å‹
male,male
blueeyes,blueeyes
éœ²è¥åœ°,éœ²è¥åœ°
è“è‰²,è“è‰²
çœ¼ç›,çœ¼ç›
å†¬æ—¥,å†¬æ—¥
é›ªåœ°,é›ªåœ°
å†»ä¼¤,å†»ä¼¤
ç™½é›ª,ç™½é›ª
æ·¡å¦†,æ·¡å¦†
çœ¼å¦†,çœ¼å¦†
manhwa,manhwa
è½¦æ¨¡,è½¦æ¨¡
course,course
å¾ˆæƒ³,å¾ˆæƒ³
ä¼šè¯,ä¼šè¯
ä¹¦å†™,ä¹¦å†™
æ–°äºº,æ–°äºº
æŠ¥é“,æŠ¥é“
surprised,surprised
large,large
modest,modest
respectfully,respectfully
hosts,hosts
æƒŠè®¶,æƒŠè®¶
è€ƒè™‘ä¸€ä¸‹,è€ƒè™‘ä¸€ä¸‹
è°¦è™š,è°¦è™š
ç›¸äº’å°Šé‡,ç›¸äº’å°Šé‡
æŠ“ä½æœºä¼š,æŠ“ä½æœºä¼š
æ–°æ–‡åŒ–,æ–°æ–‡åŒ–
arab,arab
é˜¿æ‹‰ä¼¯,é˜¿æ‹‰ä¼¯
è¯·é—®,è¯·é—®
è‡ªç„¶ç•Œ,è‡ªç„¶ç•Œ
prettygirl,prettygirl
04,04
selfie,selfie
éŸ³ä¹ä¼š,éŸ³ä¹ä¼š
concert,concert
é•œå­,é•œå­
irish/polish,irish/polish
formula,formula
metal,metal
33,33
çˆ±å°”å…°,çˆ±å°”å…°
æ³¢å…°,æ³¢å…°
å°ä¼™å­,å°ä¼™å­
ä¹¦ç±,ä¹¦ç±
ä¸€çº§,ä¸€çº§
æ–¹ç¨‹å¼èµ›è½¦,æ–¹ç¨‹å¼èµ›è½¦
ç»“è¯†,ç»“è¯†
èŠèŠ,èŠèŠ
è¿‡å¾—,è¿‡å¾—
æƒ³æ¥,æƒ³æ¥
å¤§å¤§çš„,å¤§å¤§çš„
ï¼ˆa,ï¼ˆa
ğŸŒï¼‰,ğŸŒï¼‰
tickets,tickets
expensive,expensive
maby,maby
someday,someday
refugeeï»¿,refugeeï»¿
foreignerï»¿,foreignerï»¿
lovemeï»¿,lovemeï»¿
å‹‡æ•¢çš„äºº,å‹‡æ•¢çš„äºº
ç¾ç‹¬,ç¾ç‹¬
ä¸€ä»½,ä¸€ä»½
èŒèŒ,èŒèŒ
å“’,å“’
dubai,dubai
xie,xie
è¿ªæ‹œ,è¿ªæ‹œ
èˆè¹ˆ,èˆè¹ˆ
hiii,hiii
prepare,prepare
æˆ‘è¯¥,æˆ‘è¯¥
lean,lean
annie,annie
newbie,newbie
æˆ‘å‘,æˆ‘å‘
è‡ªæ‹ç…§,è‡ªæ‹ç…§
å‡ºå,å‡ºå
saya,saya
you~,you~
hamsters,hamsters
coco,coco
puff,puff
age,age
è®¡ç®—æœº,è®¡ç®—æœº
å›¾å½¢å­¦,å›¾å½¢å­¦
ä»“é¼ ,ä»“é¼ 
å¯å¯,å¯å¯
å¹´é¾„,å¹´é¾„
ç›¸ä»¿,ç›¸ä»¿
æˆ‘æƒ³å­¦,æˆ‘æƒ³å­¦
instagramï¼Œ,instagramï¼Œ
ï¼^^,ï¼^^
download,download
^^,^^
handsomeboy,handsomeboy
haircut,haircut
spite,spite
apologies,apologies
intruding,intruding
anyways,anyways
basically,basically
photoss,photoss
â˜†,â˜†
â‰§âˆ€â‰¦,â‰§âˆ€â‰¦
none,none
goth,goth
hehe,hehe
funsies,funsies
â™¡â™¡â™¡,â™¡â™¡â™¡
ï¼i,ï¼i
alicia,alicia
è‰¾ä¸½,è‰¾ä¸½
è¥¿äºš,è¥¿äºš
å¦†å®¹,å¦†å®¹
remove,remove
ğŸ’œ,ğŸ’œ
americangirl,americangirl
influencer,influencer
å¤å¤,å¤å¤
again~,again~
daily,daily
mutuals,mutuals
including,including
ä½“å‹,ä½“å‹
æ£€æŸ¥è¡¨,æ£€æŸ¥è¡¨
æ—¢æœ‰,æ—¢æœ‰
è¾¹è¾¹è§’è§’,è¾¹è¾¹è§’è§’
ç”¨å¿ƒ,ç”¨å¿ƒ
02,02
peter,peter
chengdu,chengdu
hotpot,hotpot
computer,computer
science,science
competition,competition
chandu,chandu
ç›¸å†Œ,ç›¸å†Œ
æœ€ç¾,æœ€ç¾
é£æ™¯,é£æ™¯
dressing,dressing
plaidskirt,plaidskirt
kawaii,kawaii
jk,jk
cassandra,cassandra
yo,yo
uniforms,uniforms
tho,tho
é‡Šæ”¾,é‡Šæ”¾
çˆ†è£‚,çˆ†è£‚
é­”æ³•,é­”æ³•
èº«ä¸Š,èº«ä¸Š
é­”åŠ›,é­”åŠ›
æ¶ˆè€—,æ¶ˆè€—
å®Œæ¯•,å®Œæ¯•
animefriends,animefriends
megumin,megumin
konosuba,konosuba
receive,receive
times,times
hardships,hardships
ingenious,ingenious
ğŸ¥¹,ğŸ¥¹
mootsğŸ’•,mootsğŸ’•
travelling,travelling
holiday,holiday
hometown,hometown
å‡æœŸ,å‡æœŸ
å®¶ä¹¡,å®¶ä¹¡
happynewyear,happynewyear
foreignersinchina,foreignersinchina
chef,chef
nailsğŸ’…,nailsğŸ’…
chatgpt,chatgpt
flooded,flooded
y2k,y2k
Ù©,Ù©
â€¢Ì¤Ì€áµ•â€¢Ì¤Ìà¹‘,â€¢Ì¤Ì€áµ•â€¢Ì¤Ìà¹‘
áµ’áµáµáµáµáµ,áµ’áµáµáµáµáµ
å–,å–
ä¸­æ–‡å,ä¸­æ–‡å
æ˜µç§°,æ˜µç§°
æš´éœ²,æš´éœ²
ç§äºº,ç§äºº
momoï¼Œ,momoï¼Œ
å¤§ä¼—,å¤§ä¼—
uk,uk
meï¼Ÿi,meï¼Ÿi
pronunciation,pronunciation
interesting,interesting
nick,nick
expose,expose
reality,reality
hav,hav
xiaohongshu=,xiaohongshu=
^.^,^.^
patricia,patricia
chinaâ˜ºï¸ğŸ¶,chinaâ˜ºï¸ğŸ¶
vlog,vlog
greatful,greatful
stays,stays
å…´å¥‹,å…´å¥‹
é¿éš¾æ‰€,é¿éš¾æ‰€
engage,engage
interests,interests
certain,certain
previous,previous
ğŸ˜“,ğŸ˜“
list,list
rpgmaker,rpgmaker
omori,omori
manga,manga
omniscient,omniscient
reader,reader
vkei,vkei
malice,malice
mizer,mizer
novels,novels
among,among
pigeons,pigeons
tea,tea
progresses,progresses
communties,communties
fandoms,fandoms
interacting,interacting
ç²—ç³™,ç²—ç³™
è¡¨ç¤ºæ­‰æ„,è¡¨ç¤ºæ­‰æ„
å‚ä¸,å‚ä¸
å…´è¶£,å…´è¶£
æ¸…å•,æ¸…å•
rpgmakerã€omoriã€arcaneã€,rpgmakerã€omoriã€arcaneã€
æ¼«ç”»,æ¼«ç”»
ã€omniscient,ã€omniscient
pointã€vkelã€malice,pointã€vkelã€malice
mizerã€lolita,mizerã€lolita
fashionã€,fashionã€
è§†è§‰,è§†è§‰
é¸½å­,é¸½å­
èŒ¶,èŒ¶
æµé€,æµé€
2005,2005
newyork,newyork
